us_aqi,pm2_5,pm10,nitrogen_dioxide,sulphur_dioxide,carbon_monoxide,ozone,temperature_2m,relative_humidity_2m,precipitation,date
63.375,19.079,35.129,11.721,12.35,298.208,51.875,27.683,82.167,0.5,2022-09-03
74.833,28.596,51.929,10.021,9.938,274.042,49.917,27.646,80.042,0.2,2022-09-04
80.042,21.433,41.658,10.888,11.354,258.292,56.042,27.679,77.5,0.5,2022-09-05
71.958,23.642,44.05,16.417,17.488,354.708,64.208,27.429,79.458,0.0,2022-09-06
74.333,23.833,43.088,23.608,23.379,480.625,61.208,27.017,84.583,0.0,2022-09-07
109.042,36.367,60.654,34.729,33.117,766.875,94.792,27.692,84.125,0.0,2022-09-08
141.333,52.879,83.342,31.3,29.929,798.375,122.167,29.683,76.75,0.0,2022-09-09
192.917,84.862,126.833,38.979,36.554,1069.458,165.292,30.883,72.208,0.0,2022-09-10
174.625,41.458,64.475,28.204,30.821,754.0,114.0,29.625,77.667,0.0,2022-09-11
162.833,64.358,98.1,38.192,36.933,973.875,143.625,28.988,83.125,0.1,2022-09-12
167.125,43.875,69.362,40.488,38.254,893.25,101.125,29.908,77.625,0.0,2022-09-13
98.708,23.617,41.071,23.033,22.221,527.958,59.333,29.892,76.917,0.0,2022-09-14
70.292,19.683,36.308,11.508,11.75,293.333,57.792,28.625,82.083,0.0,2022-09-15
72.125,24.533,47.071,8.883,8.6,240.917,65.458,28.325,77.708,0.3,2022-09-16
79.708,28.012,57.275,11.896,10.658,269.417,69.167,28.271,76.208,0.3,2022-09-17
87.542,29.792,60.958,17.054,15.013,346.792,66.583,27.879,79.167,0.0,2022-09-18
83.792,25.425,52.179,16.521,14.596,352.0,64.5,27.496,78.75,0.0,2022-09-19
71.625,19.242,39.475,11.358,10.021,252.5,63.667,27.875,73.208,0.0,2022-09-20
63.25,17.754,37.188,11.438,9.496,242.625,63.125,28.088,72.375,0.0,2022-09-21
62.0,17.592,36.208,10.838,9.283,236.292,61.458,28.15,73.167,0.0,2022-09-22
61.75,17.667,37.242,8.275,7.658,199.125,63.0,27.958,74.458,0.0,2022-09-23
63.917,19.971,38.863,9.25,8.246,214.167,64.917,28.142,73.25,0.3,2022-09-24
68.458,21.933,41.983,11.588,10.15,242.625,63.917,28.033,75.792,0.4,2022-09-25
73.042,22.621,42.167,15.588,14.562,324.833,63.667,27.475,79.417,1.0,2022-09-26
70.583,19.963,37.979,16.771,15.396,349.25,62.083,27.4,77.458,0.1,2022-09-27
62.208,16.296,31.912,13.621,11.883,278.875,61.75,27.65,73.417,0.0,2022-09-28
59.333,15.896,30.463,11.1,10.729,245.542,67.458,27.621,71.5,0.0,2022-09-29
56.958,15.025,26.6,13.358,13.758,290.542,68.125,27.312,74.542,0.0,2022-09-30
54.542,12.792,22.375,9.729,10.904,219.125,56.875,27.758,72.625,0.0,2022-10-01
50.625,12.504,21.946,12.083,12.15,240.958,53.667,28.088,71.667,0.1,2022-10-02
52.417,13.871,27.238,13.992,12.125,263.5,60.333,27.713,73.333,0.3,2022-10-03
54.0,14.025,28.717,12.675,11.225,256.208,59.958,27.829,75.708,0.0,2022-10-04
56.042,16.271,37.038,13.408,12.279,292.125,61.208,27.625,79.708,0.0,2022-10-05
62.958,20.042,45.529,16.696,15.679,360.417,67.125,27.621,78.75,0.0,2022-10-06
93.417,37.3,66.179,27.238,28.425,617.708,97.75,28.129,75.458,0.0,2022-10-07
138.833,49.021,75.212,25.829,26.412,543.208,130.417,30.892,48.958,0.0,2022-10-08
189.458,90.692,135.092,30.254,35.796,907.583,205.25,29.454,55.958,0.0,2022-10-09
183.958,59.012,96.429,44.446,45.3,1030.917,125.458,29.112,65.458,0.0,2022-10-10
157.25,49.083,82.596,49.192,51.146,1067.542,107.042,27.496,67.375,0.0,2022-10-11
141.625,36.571,60.712,40.283,38.112,895.083,102.292,26.183,79.958,0.0,2022-10-12
94.583,24.229,41.854,32.433,27.942,674.917,85.583,26.083,79.75,0.0,2022-10-13
94.167,30.833,50.942,37.254,36.25,760.833,91.042,26.867,71.375,0.0,2022-10-14
118.0,34.054,54.717,36.533,36.433,767.542,106.333,27.012,77.042,0.0,2022-10-15
144.792,49.008,76.371,37.296,37.133,893.042,136.75,27.888,66.792,0.0,2022-10-16
157.417,44.604,69.479,35.558,33.217,761.333,120.333,27.921,57.958,0.0,2022-10-17
106.5,25.546,45.883,26.971,26.075,556.083,84.0,27.25,78.667,0.0,2022-10-18
74.875,22.004,42.788,22.933,20.229,434.625,82.458,26.658,82.958,0.0,2022-10-19
73.958,19.883,40.104,19.662,18.562,393.333,92.333,26.562,82.75,0.0,2022-10-20
123.042,71.883,111.642,35.129,44.675,854.708,134.583,27.154,73.083,0.0,2022-10-21
170.333,80.125,121.512,36.183,32.887,837.583,126.542,28.858,44.5,0.0,2022-10-22
202.542,106.108,157.083,70.908,57.092,1616.667,173.542,27.967,53.417,0.0,2022-10-23
153.292,27.446,45.875,23.9,23.496,540.0,97.333,27.533,70.583,0.0,2022-10-24
72.458,22.867,43.958,12.679,10.846,294.5,98.5,27.658,76.708,0.0,2022-10-25
81.208,28.729,53.117,18.212,15.704,395.667,100.292,27.792,81.458,0.0,2022-10-26
86.125,28.562,52.571,23.342,20.642,472.458,92.375,26.417,84.75,0.0,2022-10-27
88.75,30.646,55.613,26.996,23.75,523.708,84.083,26.121,80.333,0.0,2022-10-28
94.958,32.767,56.4,38.833,31.05,772.042,83.583,26.85,69.833,0.0,2022-10-29
95.458,33.212,58.308,42.017,31.333,814.5,80.958,27.238,68.667,0.0,2022-10-30
93.625,27.504,52.929,30.275,22.925,593.0,71.583,26.688,80.417,0.0,2022-10-31
77.167,23.512,45.212,18.617,13.721,386.667,86.625,26.8,85.375,0.0,2022-11-01
83.458,28.108,48.262,22.963,18.471,496.625,97.583,26.596,84.708,0.0,2022-11-02
89.583,29.138,47.392,27.117,20.954,573.167,96.542,26.625,82.542,0.0,2022-11-03
83.792,26.033,42.679,27.229,21.654,559.167,88.708,26.833,78.167,0.0,2022-11-04
90.792,35.021,56.279,27.167,22.183,576.708,101.042,27.571,67.375,0.0,2022-11-05
106.375,39.454,61.708,26.521,21.058,528.625,96.625,26.537,75.708,0.0,2022-11-06
106.125,33.458,54.062,26.242,23.25,532.5,96.0,25.388,78.417,0.7,2022-11-07
111.708,57.246,90.396,22.183,32.158,630.792,117.333,24.829,73.667,0.0,2022-11-08
160.75,61.25,96.567,28.175,41.229,815.708,126.625,25.325,70.083,0.0,2022-11-09
127.167,38.779,65.533,36.504,43.038,816.833,97.667,25.433,77.375,0.0,2022-11-10
141.167,83.512,126.283,64.929,62.088,1351.417,85.917,26.225,65.0,0.0,2022-11-11
174.542,78.392,120.85,68.862,53.671,1431.667,90.042,25.562,71.292,0.0,2022-11-12
124.0,29.667,53.971,23.096,22.642,494.458,79.083,24.8,87.25,0.0,2022-11-13
77.375,24.167,50.717,15.958,17.792,376.292,85.333,26.804,78.25,0.0,2022-11-14
113.917,61.721,100.55,18.996,35.95,534.375,95.542,25.833,58.333,0.0,2022-11-15
153.833,64.521,100.321,26.963,42.171,693.75,116.292,24.85,55.042,0.0,2022-11-16
162.958,63.483,101.792,32.267,44.242,918.667,128.792,25.129,74.417,0.0,2022-11-17
144.625,42.354,73.533,28.654,33.792,716.833,100.292,24.983,82.458,0.0,2022-11-18
93.5,25.092,49.113,22.908,17.792,443.958,84.5,26.042,77.25,0.0,2022-11-19
92.25,48.075,77.196,31.833,30.992,655.25,90.083,25.396,73.167,0.0,2022-11-20
151.042,67.571,103.358,34.925,38.717,789.667,110.333,25.821,56.333,0.0,2022-11-21
162.833,67.746,105.254,53.633,57.267,1076.375,100.875,25.196,73.5,0.0,2022-11-22
156.0,68.646,102.992,37.954,50.258,869.458,108.458,24.296,54.125,0.0,2022-11-23
159.167,60.254,90.729,46.808,50.846,980.125,107.208,23.579,71.75,0.0,2022-11-24
124.125,33.883,61.933,39.696,35.088,809.292,98.583,23.338,73.875,0.0,2022-11-25
127.792,56.633,85.771,60.358,50.271,1106.375,87.5,23.771,59.667,0.0,2022-11-26
135.375,37.967,59.592,44.029,41.538,877.167,101.167,23.438,80.292,0.0,2022-11-27
141.5,67.675,98.925,72.696,52.808,1221.458,56.708,23.775,65.417,0.0,2022-11-28
152.792,57.804,84.329,41.367,32.842,728.333,77.292,23.917,46.583,0.0,2022-11-29
153.125,66.867,97.558,40.142,35.046,723.833,90.667,23.7,36.167,0.0,2022-11-30
157.125,72.133,105.717,41.233,40.917,788.292,93.625,22.817,39.125,0.0,2022-12-01
159.875,58.204,88.504,53.912,46.558,1009.5,69.5,22.196,62.375,0.0,2022-12-02
112.083,46.404,75.096,46.333,46.329,741.083,67.208,23.15,71.292,0.0,2022-12-03
155.833,86.587,127.483,36.658,43.167,774.583,90.333,22.683,50.083,0.0,2022-12-04
165.208,82.288,125.792,53.721,64.321,1061.375,83.292,22.333,56.375,0.0,2022-12-05
169.0,101.125,150.171,56.671,68.033,1321.458,102.792,22.354,56.667,0.0,2022-12-06
169.833,87.85,129.021,59.325,57.396,1306.583,94.25,22.188,52.0,0.0,2022-12-07
167.042,66.329,102.729,69.954,52.008,1403.833,71.5,22.158,70.292,0.0,2022-12-08
129.417,45.417,74.517,49.308,44.408,1021.75,88.083,22.175,86.167,0.0,2022-12-09
148.417,71.408,106.55,43.588,42.167,868.833,75.458,23.125,57.417,0.0,2022-12-10
155.958,60.529,91.442,17.371,30.942,578.417,111.5,23.588,42.833,0.0,2022-12-11
145.458,54.637,85.375,34.942,30.667,765.917,95.75,23.167,41.667,0.0,2022-12-12
144.875,35.583,54.146,23.479,20.604,537.292,67.5,22.75,41.583,0.0,2022-12-13
46.458,0.65,0.921,0.0,0.529,59.917,30.375,23.154,33.917,0.0,2022-12-14
15.5,0.812,1.167,0.0,0.229,62.917,34.0,21.1,48.875,0.0,2022-12-15
71.625,47.658,71.242,47.129,41.708,969.458,79.083,20.604,68.75,0.0,2022-12-16
139.208,52.821,79.6,60.654,58.85,1176.375,67.125,20.604,74.083,0.0,2022-12-17
154.75,77.221,113.271,78.079,70.042,1500.5,66.667,21.292,59.125,0.0,2022-12-18
159.417,71.142,108.067,71.629,69.967,1267.333,67.833,20.896,56.75,0.0,2022-12-19
151.167,47.229,75.212,57.933,52.233,1149.583,68.708,21.271,47.25,0.0,2022-12-20
135.958,53.933,84.462,47.212,40.508,754.125,64.208,20.592,46.042,0.0,2022-12-21
124.458,37.667,59.367,32.025,33.558,587.375,72.458,20.104,39.125,0.0,2022-12-22
138.458,57.367,91.008,55.958,55.267,985.458,52.75,19.221,43.625,0.0,2022-12-23
122.5,44.008,68.208,48.662,48.358,762.292,63.208,19.238,37.083,0.0,2022-12-24
135.208,58.104,86.35,35.1,40.796,716.417,92.75,19.108,43.167,0.0,2022-12-25
157.375,76.85,113.704,51.783,54.125,993.292,75.375,19.692,43.458,0.0,2022-12-26
158.875,67.917,101.108,31.158,45.117,763.417,88.0,20.471,39.0,0.0,2022-12-27
166.083,92.5,143.217,56.675,72.721,1454.708,106.708,20.158,61.125,0.0,2022-12-28
159.375,44.183,74.408,32.483,35.162,810.5,98.792,23.346,72.25,0.0,2022-12-29
96.708,34.4,61.479,24.15,35.725,516.583,74.875,20.537,45.292,0.0,2022-12-30
114.125,48.192,76.204,26.879,39.729,659.333,99.458,19.146,48.0,0.0,2022-12-31
129.583,38.462,69.538,36.354,33.379,782.708,84.917,19.875,65.375,0.0,2023-01-01
119.417,59.992,98.883,47.242,49.363,905.708,71.708,19.725,51.583,0.0,2023-01-02
153.0,51.512,77.683,25.275,27.154,542.708,80.125,19.75,36.458,0.0,2023-01-03
117.208,40.721,60.788,18.004,25.825,466.625,94.542,18.867,33.042,0.0,2023-01-04
119.958,43.608,63.775,14.417,28.463,487.625,103.042,17.488,31.667,0.0,2023-01-05
121.75,46.221,67.633,14.479,31.417,515.083,108.25,18.458,28.083,0.0,2023-01-06
132.083,50.183,73.104,24.096,39.613,682.167,101.625,19.925,29.25,0.0,2023-01-07
144.625,87.096,125.829,70.988,82.817,1645.792,104.625,19.196,39.208,0.0,2023-01-08
173.375,87.196,128.421,81.333,80.412,1781.083,93.375,19.346,69.958,0.0,2023-01-09
172.333,110.392,162.804,88.1,84.108,2022.958,79.417,19.825,72.708,0.0,2023-01-10
153.833,30.45,54.75,29.054,25.629,667.083,76.792,21.512,77.167,0.2,2023-01-11
77.875,24.604,77.042,17.088,18.65,348.042,68.5,18.054,28.583,0.0,2023-01-12
80.083,33.558,62.783,30.267,28.517,615.667,81.542,15.188,17.917,0.0,2023-01-13
98.667,27.588,46.446,32.738,23.463,589.833,68.833,15.329,28.875,0.0,2023-01-14
92.667,42.529,67.017,32.821,38.596,765.375,85.958,14.871,43.708,0.0,2023-01-15
135.625,60.375,96.442,35.271,60.371,738.292,76.833,16.442,54.708,0.0,2023-01-16
156.125,79.125,117.583,47.25,59.912,1056.25,93.125,17.029,37.208,0.0,2023-01-17
168.333,101.021,147.658,78.371,57.183,1448.25,63.417,17.717,40.042,0.0,2023-01-18
170.333,66.9,99.225,42.192,30.992,839.875,77.25,18.467,34.5,0.0,2023-01-19
145.375,54.833,83.512,22.558,30.812,676.208,109.083,17.621,46.917,0.0,2023-01-20
147.875,48.167,72.617,25.588,36.133,678.625,96.417,17.213,50.25,0.0,2023-01-21
132.583,50.042,75.946,37.942,45.254,862.167,84.458,16.558,48.292,0.0,2023-01-22
118.0,34.683,53.496,33.233,32.088,722.458,71.125,16.533,32.542,0.0,2023-01-23
118.542,50.55,78.992,41.433,40.183,869.5,82.833,15.062,40.917,0.0,2023-01-24
113.333,41.329,69.383,37.671,39.617,718.083,80.708,14.842,43.208,0.0,2023-01-25
114.292,31.708,49.288,24.646,31.058,483.708,82.625,16.388,29.333,0.0,2023-01-26
91.25,34.929,51.979,17.658,25.271,452.708,104.542,17.367,26.042,0.0,2023-01-27
104.75,44.304,65.158,32.583,27.583,626.125,96.25,18.075,24.25,0.0,2023-01-28
133.208,38.562,57.925,40.783,33.729,743.583,75.25,17.379,42.667,0.0,2023-01-29
101.167,58.929,91.621,49.829,49.338,1110.167,91.667,18.167,49.125,0.0,2023-01-30
155.625,53.967,81.4,28.725,29.421,655.333,89.75,19.379,36.333,0.0,2023-01-31
145.958,51.396,75.917,33.029,35.662,823.5,107.333,19.517,39.958,0.0,2023-02-01
156.917,98.337,142.325,74.783,77.612,1881.167,138.792,18.896,46.625,0.0,2023-02-02
174.0,87.458,126.533,97.483,73.454,1975.042,83.833,18.696,52.625,0.0,2023-02-03
171.75,68.092,103.471,57.488,48.8,1397.375,115.125,19.333,82.25,0.0,2023-02-04
140.083,35.771,63.267,29.321,24.546,715.75,79.458,21.417,82.875,0.0,2023-02-05
126.042,53.488,98.496,33.762,28.425,819.333,124.667,22.854,70.458,0.0,2023-02-06
198.375,115.688,179.621,72.404,54.367,1715.917,149.833,20.338,74.458,0.0,2023-02-07
161.542,44.571,76.825,37.425,31.075,826.875,87.125,20.958,83.208,0.0,2023-02-08
111.875,32.637,57.363,20.767,20.762,510.708,83.875,21.721,85.417,0.0,2023-02-09
86.417,24.713,46.817,13.2,14.633,357.917,91.625,22.579,81.0,0.0,2023-02-10
107.875,68.012,108.475,37.667,33.45,915.25,107.458,22.112,66.792,0.0,2023-02-11
151.917,43.008,73.975,43.575,28.183,730.958,62.792,23.221,36.792,0.0,2023-02-12
131.583,56.233,87.042,37.258,37.887,900.458,127.75,21.9,32.583,0.0,2023-02-13
159.5,44.412,76.158,34.863,32.267,884.292,119.458,21.904,78.792,0.0,2023-02-14
155.875,60.95,99.471,52.875,47.846,1277.333,111.542,20.933,90.25,0.0,2023-02-15
141.917,42.167,68.413,43.417,33.521,929.542,79.375,22.225,83.25,0.0,2023-02-16
143.375,56.1,85.446,46.021,36.083,1069.542,107.25,22.471,81.333,0.0,2023-02-17
185.167,82.462,120.654,52.679,42.95,1370.375,142.167,21.521,77.042,0.0,2023-02-18
161.292,44.613,72.483,42.421,36.746,993.833,94.667,21.579,87.292,0.0,2023-02-19
105.958,30.787,57.554,26.567,23.446,628.042,92.25,23.408,78.875,0.0,2023-02-20
120.708,48.054,79.892,33.833,28.787,829.042,116.875,23.017,84.75,0.0,2023-02-21
109.667,22.296,41.567,16.454,13.658,389.0,98.542,22.829,82.25,0.0,2023-02-22
74.833,28.446,51.562,25.838,21.2,542.958,96.667,22.429,81.458,0.0,2023-02-23
95.917,32.883,69.858,26.662,23.696,623.042,97.083,21.946,84.625,0.0,2023-02-24
90.167,27.838,56.529,28.438,20.946,575.708,61.542,23.225,79.208,0.0,2023-02-25
84.375,30.221,49.238,30.379,24.283,630.125,68.208,23.546,81.625,0.0,2023-02-26
118.167,42.504,69.379,38.492,32.708,896.958,95.708,23.196,83.958,0.0,2023-02-27
118.917,39.65,66.071,37.358,28.933,799.875,81.667,23.046,82.958,0.0,2023-02-28
129.5,74.15,115.996,36.546,27.783,937.25,100.083,23.554,79.417,0.0,2023-03-01
162.542,63.071,96.0,23.683,27.796,681.375,126.375,26.358,48.042,0.0,2023-03-02
169.792,73.596,110.438,28.333,32.696,699.625,130.208,26.129,51.292,0.0,2023-03-03
174.542,60.512,90.404,25.917,29.688,750.458,141.292,26.071,50.083,0.0,2023-03-04
189.417,79.862,115.979,38.321,36.217,1175.583,157.375,25.817,50.333,0.0,2023-03-05
201.208,79.988,118.521,41.496,43.258,1318.25,171.042,25.383,56.375,0.0,2023-03-06
184.583,66.087,103.462,49.838,49.621,1305.458,137.917,24.717,70.875,0.0,2023-03-07
190.833,103.229,153.079,53.312,60.467,1606.958,191.75,24.758,73.042,0.0,2023-03-08
208.417,119.771,175.017,55.788,44.054,1663.167,200.625,25.879,59.875,0.0,2023-03-09
214.625,87.062,126.192,55.712,44.688,1358.25,179.833,25.804,55.542,0.0,2023-03-10
160.833,68.762,100.388,63.042,51.117,1373.5,99.583,25.408,63.0,0.0,2023-03-11
154.875,57.558,84.312,61.592,50.875,1294.208,76.708,25.742,63.083,0.0,2023-03-12
158.167,48.267,73.717,46.529,47.396,1136.083,113.667,24.992,71.792,0.0,2023-03-13
114.625,31.442,49.758,40.488,36.496,830.75,63.25,23.992,81.208,0.0,2023-03-14
87.792,25.133,45.496,18.612,19.121,448.75,73.958,25.108,80.083,0.0,2023-03-15
76.708,23.383,42.554,21.692,20.217,505.875,74.417,25.542,80.333,0.0,2023-03-16
80.708,26.287,44.779,27.921,25.967,623.542,83.542,25.617,79.583,0.0,2023-03-17
135.375,54.367,84.562,38.208,43.375,912.958,128.708,25.4,66.25,0.0,2023-03-18
161.458,44.858,73.638,30.662,40.992,752.208,123.333,24.896,69.208,0.0,2023-03-19
103.583,25.862,51.312,22.596,26.208,523.542,84.542,24.575,76.917,0.0,2023-03-20
70.208,18.662,39.992,15.296,14.862,363.0,67.125,25.112,71.042,0.0,2023-03-21
64.0,18.658,34.438,14.833,14.354,358.333,67.167,23.883,78.167,0.4,2023-03-22
64.792,18.525,40.088,13.842,11.975,319.042,59.125,23.475,81.083,3.8,2023-03-23
70.375,18.383,49.104,10.508,7.975,265.333,114.292,24.429,59.958,0.0,2023-03-24
72.167,20.917,47.025,12.404,9.983,320.333,112.875,24.496,67.0,0.0,2023-03-25
93.875,30.208,57.454,24.796,21.713,597.833,111.583,24.175,75.042,0.0,2023-03-26
101.125,31.662,56.342,29.429,25.621,650.458,100.458,24.662,69.417,0.0,2023-03-27
88.792,25.521,48.983,14.058,15.962,381.792,94.792,24.571,78.083,0.0,2023-03-28
72.708,21.429,50.917,10.504,12.521,308.917,80.625,25.304,78.125,0.0,2023-03-29
78.125,23.054,56.525,10.912,13.471,316.042,112.0,25.267,70.917,0.8,2023-03-30
78.542,23.342,48.625,8.958,9.938,288.292,112.458,25.804,75.917,0.0,2023-03-31
71.708,19.396,37.971,3.462,5.146,168.042,96.333,25.671,74.333,0.0,2023-04-01
65.542,20.471,41.008,8.675,11.5,299.625,96.375,25.421,77.0,0.0,2023-04-02
68.042,21.075,47.596,11.567,13.183,321.583,83.583,26.167,78.333,0.3,2023-04-03
82.417,16.787,33.575,14.029,13.058,373.958,111.833,24.879,74.208,0.0,2023-04-04
77.792,16.562,29.883,17.425,15.021,435.625,116.417,25.079,68.708,0.0,2023-04-05
73.625,20.229,38.725,22.713,18.025,499.833,103.875,25.029,75.542,0.0,2023-04-06
96.667,27.567,48.125,29.767,25.542,710.583,111.792,25.233,77.958,0.0,2023-04-07
128.958,38.338,64.033,27.012,25.267,740.5,126.375,25.846,76.417,0.0,2023-04-08
93.167,22.875,44.137,22.463,21.762,532.625,83.792,25.65,78.167,0.0,2023-04-09
80.375,27.862,51.804,33.321,36.892,730.917,74.042,25.175,82.083,0.0,2023-04-10
83.167,24.617,46.425,31.192,28.704,684.417,75.292,25.217,81.583,0.0,2023-04-11
123.667,39.896,69.962,25.796,25.354,696.958,115.542,27.062,75.75,0.0,2023-04-12
101.0,26.879,50.896,24.271,22.833,590.417,79.042,27.904,70.0,0.0,2023-04-13
74.458,20.738,40.613,21.554,20.983,508.917,66.125,27.033,81.958,0.0,2023-04-14
78.375,29.504,63.838,29.412,30.738,666.375,73.708,27.192,81.708,0.0,2023-04-15
83.625,23.554,50.788,22.254,22.708,531.958,86.708,27.375,80.708,0.0,2023-04-16
80.833,21.246,47.788,19.654,19.133,471.25,99.458,27.358,77.542,0.0,2023-04-17
77.333,28.629,54.288,23.112,19.75,534.75,79.458,28.571,66.625,0.0,2023-04-18
92.542,32.667,62.704,23.904,21.317,576.125,91.5,27.871,62.792,0.0,2023-04-19
99.583,26.871,53.529,18.012,16.321,459.833,106.625,27.946,70.583,0.0,2023-04-20
75.0,20.1,40.6,15.317,14.2,388.667,72.625,27.617,77.333,0.0,2023-04-21
79.292,23.838,48.871,17.646,18.092,445.958,90.583,27.612,76.042,0.0,2023-04-22
78.958,23.246,44.312,23.904,22.688,563.458,78.208,28.225,73.958,0.0,2023-04-23
80.458,28.404,52.637,29.171,25.188,640.5,60.042,27.746,78.083,0.0,2023-04-24
85.875,28.679,51.921,22.304,20.304,545.875,67.333,28.154,69.583,0.0,2023-04-25
81.5,24.242,47.4,16.283,15.55,419.0,81.792,28.225,55.083,0.0,2023-04-26
66.542,15.562,30.646,10.679,10.554,305.375,66.375,27.262,71.792,0.3,2023-04-27
58.375,15.583,31.192,12.05,12.158,323.875,70.583,25.963,75.875,3.4,2023-04-28
68.167,15.779,29.65,13.683,18.1,384.042,88.333,25.238,76.375,0.8,2023-04-29
69.042,17.388,33.996,15.354,19.454,391.125,88.0,26.046,68.917,0.2,2023-04-30
72.625,20.217,35.096,15.362,16.6,398.667,91.333,27.304,71.458,0.9,2023-05-01
68.833,19.2,35.0,16.704,17.821,430.0,79.083,27.888,74.333,0.1,2023-05-02
60.375,15.192,29.192,17.108,17.779,421.0,71.083,27.817,78.417,0.0,2023-05-03
62.125,20.158,41.762,20.825,23.375,481.208,68.792,27.617,80.458,0.0,2023-05-04
67.792,20.058,45.504,18.55,19.55,442.25,71.917,27.746,79.75,0.0,2023-05-05
68.167,20.537,40.871,17.925,17.908,422.083,73.958,28.571,76.417,0.0,2023-05-06
69.583,21.029,48.387,14.167,15.058,352.25,65.667,28.429,80.375,0.0,2023-05-07
68.75,21.596,43.325,19.0,19.35,439.208,70.458,28.867,78.792,0.0,2023-05-08
81.125,29.704,56.971,27.0,29.167,609.833,67.5,28.383,78.625,0.0,2023-05-09
93.208,27.4,48.538,28.562,26.825,647.417,84.208,29.433,71.333,0.0,2023-05-10
88.833,25.608,47.925,19.654,20.342,488.0,87.25,30.183,68.0,0.0,2023-05-11
71.375,18.221,30.096,17.6,20.838,445.875,68.583,30.283,66.542,0.0,2023-05-12
63.042,17.95,30.742,21.417,24.037,514.625,60.833,30.158,71.25,0.0,2023-05-13
60.833,15.042,29.283,10.1,14.388,300.5,59.875,29.608,80.25,0.0,2023-05-14
56.833,16.358,34.646,10.017,13.171,263.292,57.333,29.621,80.208,0.1,2023-05-15
60.208,17.654,33.533,9.296,10.838,243.583,50.5,29.608,80.625,0.0,2023-05-16
63.208,16.792,34.504,7.458,8.746,205.875,53.333,29.475,77.458,0.6,2023-05-17
57.667,15.329,35.633,11.058,11.479,270.083,55.667,29.625,79.792,0.0,2023-05-18
58.125,16.875,42.338,12.75,13.625,308.667,53.292,29.354,81.167,0.0,2023-05-19
58.75,15.129,35.625,8.896,9.833,237.708,51.375,29.15,77.792,0.0,2023-05-20
58.125,16.571,38.05,7.783,8.904,223.125,52.167,29.721,75.958,0.0,2023-05-21
59.833,15.925,37.292,8.513,9.508,234.792,54.208,29.821,79.542,0.0,2023-05-22
56.792,15.8,32.279,12.467,12.962,294.333,47.792,29.767,82.75,0.4,2023-05-23
61.083,17.85,34.267,12.05,13.408,308.5,53.458,29.946,82.25,0.0,2023-05-24
62.083,18.308,34.962,9.258,11.017,271.0,50.375,30.3,80.375,0.0,2023-05-25
63.875,17.5,33.671,9.263,10.446,256.958,45.833,30.229,80.75,0.0,2023-05-26
60.792,17.75,33.867,11.062,12.517,283.417,45.667,30.225,79.5,0.0,2023-05-27
59.875,14.496,28.463,11.35,13.371,290.667,44.583,30.171,80.083,0.0,2023-05-28
54.667,13.258,25.95,11.763,14.521,294.833,42.417,29.967,83.292,0.0,2023-05-29
51.583,13.362,27.417,10.038,11.267,252.292,43.75,29.917,76.5,0.2,2023-05-30
52.958,13.038,23.071,8.358,9.654,216.417,41.542,29.617,74.5,1.1,2023-05-31
52.125,14.408,27.096,7.233,8.042,205.75,45.25,29.942,76.875,1.4,2023-06-01
59.083,15.904,31.617,10.696,12.038,278.042,54.792,30.029,80.958,0.1,2023-06-02
56.375,15.45,33.283,12.429,13.654,303.958,58.042,29.967,81.625,0.0,2023-06-03
61.542,19.796,47.321,13.375,15.121,334.667,67.75,30.071,80.667,0.0,2023-06-04
64.417,16.892,39.504,12.371,13.529,295.25,58.042,29.983,80.792,0.0,2023-06-05
60.417,17.967,37.246,15.358,16.0,347.542,61.417,30.396,81.292,0.0,2023-06-06
65.458,20.179,42.483,15.8,18.117,361.083,60.042,30.654,81.333,0.0,2023-06-07
63.667,16.046,34.908,9.146,11.538,245.083,58.125,30.333,77.458,0.0,2023-06-08
59.708,18.617,42.104,7.988,9.288,219.25,52.417,30.2,76.292,0.8,2023-06-09
65.542,16.696,37.325,9.579,11.329,243.0,54.75,29.942,76.0,0.2,2023-06-10
60.792,21.862,35.117,25.171,26.067,515.625,61.708,30.017,76.292,0.0,2023-06-11
149.333,61.196,93.071,27.421,34.458,790.375,147.417,32.096,64.833,0.0,2023-06-12
117.833,14.308,33.204,12.071,18.537,216.875,61.292,31.467,64.292,5.4,2023-06-13
60.792,19.708,46.717,8.833,14.188,177.667,63.75,31.004,64.583,0.5,2023-06-14
67.292,17.621,38.275,8.417,11.987,171.5,55.458,30.396,67.625,0.3,2023-06-15
59.042,21.167,40.483,14.558,13.483,296.875,66.292,31.158,70.708,1.3,2023-06-16
76.708,24.992,63.029,10.3,11.65,254.583,61.042,30.567,80.5,0.0,2023-06-17
81.458,27.979,71.508,8.025,8.604,220.083,59.875,30.292,74.125,0.0,2023-06-18
83.833,26.421,71.183,7.125,8.138,206.917,62.417,30.067,74.542,0.0,2023-06-19
77.5,24.229,67.479,7.1,8.208,205.375,66.25,30.617,69.292,0.0,2023-06-20
75.667,23.317,65.554,8.421,9.5,224.833,61.208,30.583,73.5,1.0,2023-06-21
71.083,20.675,54.5,8.538,9.975,224.125,57.625,30.204,76.875,2.2,2023-06-22
69.208,21.213,56.817,7.983,9.467,210.708,55.792,30.129,76.167,0.4,2023-06-23
69.083,20.892,51.254,8.558,10.108,221.25,53.375,30.112,77.958,1.0,2023-06-24
66.875,19.938,47.658,9.5,11.633,252.292,58.542,30.333,78.583,0.5,2023-06-25
69.125,21.713,50.483,9.433,13.425,267.792,63.042,30.488,77.125,0.8,2023-06-26
72.583,24.121,63.808,8.892,11.779,246.25,64.125,30.638,76.125,0.8,2023-06-27
74.75,21.138,58.113,6.667,4.367,159.917,54.875,30.846,75.5,0.0,2023-06-28
63.333,15.096,38.892,6.192,3.788,148.625,51.667,31.092,73.333,0.3,2023-06-29
56.958,17.713,45.692,5.842,3.5,147.833,49.958,30.808,73.292,1.0,2023-06-30
69.917,24.804,72.812,6.492,4.017,150.875,50.5,30.854,74.417,1.1,2023-07-01
79.208,25.6,94.504,7.875,5.292,165.25,58.458,30.771,75.833,0.4,2023-07-02
77.833,25.021,114.375,8.146,5.542,156.0,55.875,30.725,77.583,0.4,2023-07-03
80.833,25.896,107.654,6.638,4.908,156.25,57.208,30.612,73.75,0.1,2023-07-04
81.208,27.396,101.913,5.975,4.317,147.708,64.542,30.879,72.0,0.6,2023-07-05
87.333,34.542,142.742,8.854,6.308,181.0,68.917,30.829,73.792,0.1,2023-07-06
96.167,31.638,137.538,10.196,6.242,190.833,62.417,31.675,73.417,0.0,2023-07-07
103.0,38.95,201.792,11.008,5.717,193.75,61.917,31.325,73.417,4.0,2023-07-08
127.25,36.579,209.979,9.321,5.5,175.875,63.333,31.004,74.25,0.1,2023-07-09
117.833,29.267,142.596,6.704,4.475,144.125,58.208,30.988,67.25,0.0,2023-07-10
87.167,29.654,113.329,6.392,4.188,148.625,58.875,31.3,64.375,0.0,2023-07-11
86.583,28.075,116.829,5.888,3.867,140.042,56.625,31.108,65.125,0.0,2023-07-12
82.958,25.871,121.058,5.788,3.85,134.25,57.25,31.033,67.25,0.1,2023-07-13
83.292,28.771,109.413,5.592,3.912,131.083,54.75,30.867,67.208,0.2,2023-07-14
83.667,27.762,89.379,5.612,3.637,127.292,51.458,30.504,68.542,0.0,2023-07-15
91.583,34.525,108.429,6.075,3.721,141.0,54.208,30.438,68.417,0.0,2023-07-16
93.625,29.433,97.988,6.833,4.388,152.0,56.0,30.787,70.833,0.2,2023-07-17
82.75,24.342,79.392,6.775,4.413,149.333,53.958,30.242,74.5,0.6,2023-07-18
71.833,22.329,75.692,7.271,4.571,142.833,54.083,30.117,74.125,0.1,2023-07-19
78.458,28.179,110.346,10.596,6.9,182.5,55.417,30.521,72.208,0.0,2023-07-20
77.875,21.0,77.788,9.55,6.146,178.208,52.167,30.396,75.917,4.7,2023-07-21
69.375,22.871,85.2,10.071,6.087,187.0,59.375,30.525,77.083,0.2,2023-07-22
70.292,18.95,41.113,14.604,9.054,279.417,75.917,30.154,81.625,27.5,2023-07-23
61.667,15.117,24.0,15.892,10.125,309.5,81.542,28.112,88.75,16.4,2023-07-24
62.417,24.067,57.371,21.412,9.088,287.333,51.875,28.5,85.375,7.0,2023-07-25
76.125,22.508,49.212,17.425,9.588,261.417,61.958,28.817,83.417,0.6,2023-07-26
71.917,20.125,53.088,10.588,4.562,184.5,51.75,28.846,83.167,0.9,2023-07-27
65.792,19.704,55.933,8.15,3.792,163.833,46.5,28.746,81.667,0.2,2023-07-28
65.042,20.408,75.267,8.633,3.712,148.958,42.333,28.683,80.875,0.9,2023-07-29
72.292,23.104,85.983,9.8,4.062,163.792,41.5,28.767,82.708,0.8,2023-07-30
71.042,21.4,77.633,9.488,4.154,163.875,39.708,28.692,84.542,1.3,2023-07-31
70.458,20.725,72.025,8.771,3.988,160.833,42.708,28.621,84.833,1.1,2023-08-01
68.625,21.208,68.733,7.538,3.717,157.083,48.792,28.583,83.167,1.4,2023-08-02
71.083,23.95,91.367,7.529,4.062,156.792,51.208,28.483,82.167,0.8,2023-08-03
80.625,26.754,109.071,8.529,4.496,159.625,50.958,28.442,83.458,0.9,2023-08-04
77.208,23.229,108.262,7.196,4.242,151.208,55.083,28.329,81.75,0.9,2023-08-05
78.083,23.483,100.288,5.846,3.371,142.0,50.042,28.233,80.417,0.7,2023-08-06
76.083,26.542,101.762,5.804,3.071,145.5,48.792,28.042,80.208,1.7,2023-08-07
76.042,21.921,66.892,6.271,3.367,139.167,48.125,27.996,81.667,2.2,2023-08-08
70.208,20.058,58.833,6.504,3.567,145.458,46.583,27.971,81.625,0.8,2023-08-09
64.833,18.725,54.117,7.167,3.671,146.333,46.083,27.829,82.458,1.6,2023-08-10
66.042,19.463,55.421,7.208,3.692,138.875,45.708,27.721,82.292,1.3,2023-08-11
64.875,18.533,50.421,6.225,3.317,136.208,44.833,27.596,81.458,0.8,2023-08-12
64.333,18.938,56.238,6.192,3.275,135.375,46.583,27.625,80.792,0.6,2023-08-13
63.0,17.638,54.304,7.288,3.887,136.708,49.042,27.758,83.833,0.0,2023-08-14
61.708,16.229,58.358,8.125,4.758,136.375,46.292,27.579,84.583,0.5,2023-08-15
55.875,13.9,49.746,7.296,4.358,151.875,44.833,27.521,81.042,0.0,2023-08-16
53.708,13.763,34.029,5.879,3.212,140.583,39.792,27.296,76.708,0.2,2023-08-17
56.167,16.258,43.912,5.75,3.108,138.542,42.75,27.371,76.042,0.0,2023-08-18
57.958,15.692,59.079,6.354,3.512,132.25,49.208,27.188,78.833,0.1,2023-08-19
58.25,15.329,63.867,7.317,4.0,125.917,47.0,27.317,78.958,0.0,2023-08-20
56.042,14.479,53.238,6.467,3.683,127.792,44.708,27.421,79.667,0.0,2023-08-21
55.0,14.621,40.808,6.367,3.508,128.083,41.708,27.192,80.5,0.6,2023-08-22
57.042,15.867,40.0,7.017,3.3,142.083,38.5,26.883,81.458,1.9,2023-08-23
58.208,16.654,42.462,7.633,3.525,145.5,39.958,26.875,84.542,2.0,2023-08-24
62.917,17.983,48.267,8.358,3.954,133.292,43.292,26.817,84.083,2.1,2023-08-25
60.208,16.383,46.262,7.817,4.042,127.542,40.875,26.742,85.292,2.4,2023-08-26
58.75,15.592,39.979,7.929,4.038,133.833,39.833,26.975,82.792,1.0,2023-08-27
60.0,18.821,51.017,6.925,3.546,138.667,44.792,26.879,82.875,1.1,2023-08-28
64.125,16.446,42.471,7.954,4.083,148.375,43.208,26.946,83.667,0.7,2023-08-29
58.5,15.725,54.521,8.696,4.888,148.708,46.917,27.004,82.417,0.5,2023-08-30
57.792,16.925,72.083,8.9,5.171,140.458,45.625,27.012,81.292,0.2,2023-08-31
62.333,17.979,78.888,11.121,5.879,163.333,45.917,26.738,80.75,0.0,2023-09-01
62.75,18.425,77.612,8.771,4.95,149.958,49.458,27.217,75.875,0.0,2023-09-02
64.833,19.412,61.896,7.492,4.221,147.708,46.792,27.408,75.958,0.9,2023-09-03
67.833,21.733,62.983,7.846,3.912,153.083,45.542,27.608,75.708,0.1,2023-09-04
69.75,20.546,60.746,9.442,4.779,165.0,46.5,27.667,78.417,0.5,2023-09-05
72.417,23.483,76.979,11.867,5.967,183.875,51.75,27.779,80.042,0.0,2023-09-06
69.792,20.192,66.262,9.383,4.587,153.958,50.5,28.267,80.333,0.0,2023-09-07
69.5,21.321,64.862,8.2,4.083,157.417,50.125,28.129,80.875,0.0,2023-09-08
64.625,16.108,49.363,7.725,3.912,154.917,46.958,28.062,79.292,0.0,2023-09-09
55.375,14.171,32.779,7.337,3.767,152.167,48.417,27.967,80.25,0.0,2023-09-10
57.042,16.071,37.204,6.792,3.613,130.083,49.833,28.037,77.75,0.0,2023-09-11
59.708,16.15,35.725,6.504,3.558,119.167,50.75,28.0,75.708,0.0,2023-09-12
57.125,16.121,35.729,7.333,3.883,134.792,48.75,27.879,78.25,0.4,2023-09-13
60.875,17.638,40.988,9.05,4.883,156.625,43.125,27.821,80.75,0.1,2023-09-14
63.583,17.35,43.262,10.667,5.879,167.333,43.667,27.858,81.458,0.0,2023-09-15
57.042,16.104,37.788,8.408,4.829,145.208,44.25,28.521,78.875,0.3,2023-09-16
64.583,20.604,58.717,9.4,5.142,157.958,48.875,28.971,78.542,0.0,2023-09-17
66.792,19.646,74.404,11.254,5.375,184.75,51.292,29.308,79.917,0.0,2023-09-18
66.583,22.371,72.525,15.754,6.158,249.083,55.625,29.817,77.0,0.0,2023-09-19
76.625,24.088,65.767,21.717,6.508,309.042,42.917,28.9,80.833,12.0,2023-09-20
75.333,19.904,44.425,20.6,10.154,330.333,73.042,29.508,79.458,3.5,2023-09-21
74.125,24.575,73.587,21.629,10.054,298.583,57.167,28.275,85.333,0.0,2023-09-22
73.875,24.867,92.404,13.538,6.283,199.667,52.333,29.0,82.958,0.0,2023-09-23
91.667,42.2,196.775,10.154,4.804,185.375,58.917,28.529,77.458,0.0,2023-09-24
146.958,70.679,294.483,13.583,5.688,232.167,65.292,27.908,74.792,0.0,2023-09-25
171.292,61.629,229.875,29.621,11.838,496.542,68.25,26.892,75.792,0.0,2023-09-26
120.25,37.125,139.075,20.638,10.267,298.542,72.708,28.638,74.458,0.0,2023-09-27
97.958,29.938,86.167,19.067,6.95,278.042,63.333,29.633,69.917,0.0,2023-09-28
86.5,29.25,104.304,15.312,6.133,252.833,68.292,28.85,77.75,0.0,2023-09-29
98.333,40.121,155.321,24.167,8.763,373.625,74.708,30.433,57.75,0.0,2023-09-30
125.5,41.45,130.996,24.704,13.983,441.292,96.833,29.933,44.167,0.0,2023-10-01
92.042,25.017,79.112,22.275,7.721,336.708,74.5,28.638,67.125,0.0,2023-10-02
70.458,19.546,56.55,16.388,6.404,238.0,57.667,28.287,83.75,0.0,2023-10-03
68.167,21.967,60.171,14.25,6.0,220.042,62.0,28.6,80.5,0.0,2023-10-04
72.042,23.817,66.712,10.196,5.462,205.417,73.292,28.858,76.5,0.0,2023-10-05
79.0,26.858,73.562,8.45,4.429,194.958,70.042,28.967,73.167,0.0,2023-10-06
81.25,25.029,67.6,9.142,4.162,194.833,65.375,28.846,74.417,0.3,2023-10-07
79.708,28.958,110.633,9.446,4.258,187.083,61.75,29.071,77.125,0.9,2023-10-08
85.0,26.404,99.896,8.054,3.821,172.583,62.75,28.975,77.667,0.0,2023-10-09
75.708,21.95,83.304,9.383,4.129,185.875,59.708,28.779,77.333,0.0,2023-10-10
67.125,17.592,55.438,13.146,5.883,225.25,56.208,28.708,78.875,0.0,2023-10-11
62.292,18.838,58.858,12.788,6.042,221.292,55.583,28.442,77.708,0.0,2023-10-12
66.625,19.812,61.629,13.0,5.913,219.875,56.208,28.283,74.917,0.0,2023-10-13
67.292,20.954,58.858,11.529,4.871,196.542,55.167,28.233,72.625,0.0,2023-10-14
75.125,29.35,102.725,10.038,4.083,181.625,54.0,28.963,71.458,0.3,2023-10-15
87.5,25.625,71.158,9.633,3.85,181.208,58.25,27.967,75.125,1.2,2023-10-16
72.083,21.379,60.792,12.179,4.692,213.667,60.125,27.996,75.833,0.9,2023-10-17
80.167,33.592,68.083,32.617,12.521,511.833,65.542,28.642,67.042,0.0,2023-10-18
115.25,43.592,89.587,40.054,12.133,661.375,76.708,27.825,69.083,0.0,2023-10-19
100.208,27.921,60.496,18.925,7.358,331.625,66.583,28.2,78.042,0.0,2023-10-20
82.542,28.95,65.254,28.088,10.412,429.333,61.583,28.529,75.125,0.0,2023-10-21
85.875,27.883,73.133,27.012,7.525,397.75,50.0,27.867,80.375,0.0,2023-10-22
86.292,30.421,65.454,28.846,10.158,445.417,62.75,28.0,78.708,0.0,2023-10-23
92.292,31.767,64.942,26.408,9.75,412.417,61.875,28.033,76.625,0.0,2023-10-24
89.75,29.037,61.225,25.704,7.654,437.708,57.667,28.562,76.042,0.0,2023-10-25
85.125,28.3,58.562,25.279,7.45,407.208,57.625,28.2,74.458,0.0,2023-10-26
86.417,30.846,59.333,19.546,5.967,324.042,63.792,28.192,77.417,0.0,2023-10-27
89.958,29.775,63.746,21.967,8.975,339.042,69.125,28.504,73.833,0.6,2023-10-28
90.625,28.271,58.821,30.608,11.458,439.542,70.5,27.625,74.875,0.0,2023-10-29
85.417,23.329,44.617,24.683,9.167,393.75,81.458,28.4,64.083,0.0,2023-10-30
77.75,26.108,47.154,30.713,12.479,460.75,82.708,29.596,38.5,0.0,2023-10-31
87.042,32.721,57.133,35.333,13.4,565.208,84.0,29.963,30.458,0.0,2023-11-01
117.458,40.742,71.033,30.408,15.354,609.125,101.542,29.375,36.417,0.0,2023-11-02
106.75,36.446,67.067,23.354,7.104,427.167,86.333,28.933,58.375,0.0,2023-11-03
101.75,38.425,68.4,23.354,6.792,415.625,76.833,28.054,75.708,0.0,2023-11-04
104.167,33.062,60.196,28.529,8.121,500.25,74.667,28.075,71.75,0.0,2023-11-05
94.958,37.912,71.379,23.896,12.433,505.375,91.292,28.312,58.292,0.0,2023-11-06
118.167,49.975,86.45,41.917,16.608,780.083,76.167,28.283,44.042,0.0,2023-11-07
151.667,61.162,104.608,44.696,18.9,885.292,65.042,27.567,49.375,0.0,2023-11-08
151.583,56.396,98.087,26.746,13.0,616.042,101.375,27.546,61.917,0.0,2023-11-09
120.958,29.037,62.958,29.779,10.029,495.333,68.917,27.704,51.333,0.0,2023-11-10
75.542,22.15,34.946,24.267,13.208,451.292,72.0,25.975,34.958,0.0,2023-11-11
79.375,26.858,41.108,30.554,22.504,579.542,81.125,25.238,43.5,0.0,2023-11-12
96.583,34.1,54.046,43.804,20.546,772.917,73.667,24.483,56.875,0.0,2023-11-13
92.083,27.179,41.988,32.092,16.858,570.583,66.167,25.846,42.042,0.0,2023-11-14
82.167,36.404,53.742,15.208,13.858,451.292,102.75,25.729,34.5,0.0,2023-11-15
122.333,49.021,72.933,18.004,17.154,529.958,103.208,25.346,33.083,0.0,2023-11-16
127.625,40.779,60.6,18.292,14.237,499.042,96.625,24.817,32.417,0.0,2023-11-17
132.292,75.429,114.804,29.175,17.75,733.583,94.25,24.567,31.292,0.0,2023-11-18
168.75,97.738,150.237,25.017,17.933,738.333,96.5,24.446,35.917,0.0,2023-11-19
172.125,87.154,131.475,14.971,15.221,663.75,120.875,25.342,35.208,0.0,2023-11-20
162.208,74.012,110.371,14.708,18.088,645.708,119.958,25.963,33.375,0.0,2023-11-21
156.5,63.8,96.883,24.217,18.521,685.792,105.667,24.129,45.125,0.0,2023-11-22
149.833,46.938,89.446,31.05,20.679,698.5,107.458,25.967,66.208,0.0,2023-11-23
124.0,46.196,83.167,26.217,19.6,699.208,85.583,25.604,60.917,0.0,2023-11-24
142.708,55.912,84.075,11.871,16.792,588.208,112.167,26.642,37.625,0.0,2023-11-25
151.375,55.863,85.808,15.067,11.554,449.75,99.708,22.054,59.458,3.8,2023-11-26
133.333,52.929,80.108,19.842,16.004,596.25,86.542,20.758,65.0,0.0,2023-11-27
149.583,59.404,88.367,19.542,19.233,677.417,101.542,21.158,58.458,0.0,2023-11-28
152.75,55.038,81.617,22.383,19.5,676.708,94.708,20.988,55.667,0.0,2023-11-29
140.917,53.121,81.796,41.708,20.954,933.042,73.208,21.625,60.958,0.0,2023-11-30
131.875,37.017,54.45,34.558,16.767,708.417,72.083,22.708,52.458,0.0,2023-12-01
102.542,40.533,60.688,13.438,13.696,492.333,87.375,22.638,49.208,0.0,2023-12-02
117.625,39.058,58.121,14.725,16.308,537.292,90.333,22.5,49.708,0.0,2023-12-03
104.75,38.875,59.025,17.938,18.317,534.667,86.5,22.042,50.833,0.0,2023-12-04
97.917,29.667,45.838,19.483,15.888,515.625,82.083,21.733,46.708,0.0,2023-12-05
83.917,25.492,38.392,16.692,13.371,469.958,85.0,21.554,42.542,0.0,2023-12-06
78.75,27.992,41.1,17.792,14.562,492.875,90.167,21.617,40.292,0.0,2023-12-07
91.125,28.271,42.175,27.488,20.296,600.208,86.583,20.854,53.667,0.0,2023-12-08
77.708,22.229,54.2,34.704,12.833,520.208,63.833,22.246,72.25,0.0,2023-12-09
95.375,39.933,70.746,40.217,32.021,777.583,79.792,20.912,62.25,0.0,2023-12-10
93.125,22.85,46.421,33.113,11.508,516.75,57.708,21.142,77.875,0.0,2023-12-11
81.125,31.733,62.625,43.088,23.721,638.125,68.042,21.567,70.208,0.0,2023-12-12
99.25,34.662,59.392,21.312,22.912,528.125,82.458,22.183,46.333,0.0,2023-12-13
97.583,35.033,63.133,28.787,22.45,643.333,80.542,21.325,47.125,0.0,2023-12-14
95.708,32.967,55.883,33.383,25.329,601.875,84.708,21.042,46.583,0.0,2023-12-15
108.375,39.55,64.604,40.7,18.379,727.542,73.042,21.262,62.375,0.0,2023-12-16
107.542,40.392,74.421,29.475,21.258,625.25,81.958,21.392,56.583,0.0,2023-12-17
97.208,29.733,49.417,12.417,16.542,467.5,92.542,21.2,35.958,0.0,2023-12-18
100.5,34.538,54.404,15.013,20.258,541.0,101.167,21.05,34.083,0.0,2023-12-19
89.333,27.892,43.033,18.05,19.404,499.0,95.833,20.754,32.625,0.0,2023-12-20
80.583,23.15,34.158,24.579,21.404,530.542,88.333,20.55,35.833,0.0,2023-12-21
76.958,23.875,34.75,29.575,19.1,607.792,83.333,22.029,34.25,0.0,2023-12-22
68.333,22.283,32.633,17.95,16.092,444.042,84.625,21.633,32.375,0.0,2023-12-23
98.292,45.858,66.542,11.162,22.062,658.042,122.458,22.733,34.5,0.0,2023-12-24
121.208,45.404,67.192,29.371,24.171,730.958,105.042,22.104,39.125,0.0,2023-12-25
149.375,52.554,78.596,32.379,22.533,929.167,101.958,19.933,58.75,0.0,2023-12-26
115.417,37.317,56.575,26.892,21.321,739.958,94.875,21.654,51.125,0.0,2023-12-27
124.75,46.792,71.421,17.333,22.771,592.458,115.5,21.596,41.792,0.0,2023-12-28
107.958,28.888,43.658,20.4,17.079,510.958,98.708,21.454,41.667,0.0,2023-12-29
82.208,30.075,45.742,15.392,13.558,488.125,103.167,21.85,39.167,0.0,2023-12-30
103.583,40.692,62.954,15.883,19.138,570.333,108.875,20.683,43.833,0.0,2023-12-31
114.583,38.558,57.592,17.279,22.162,679.042,111.708,20.221,49.5,0.0,2024-01-01
107.417,40.387,60.1,34.667,26.146,898.75,107.25,19.633,64.125,0.0,2024-01-02
122.5,40.725,64.112,28.083,21.95,677.542,96.583,20.779,55.042,0.0,2024-01-03
104.542,38.767,61.871,16.5,15.967,495.833,106.292,19.938,45.0,0.0,2024-01-04
131.0,53.938,90.038,21.821,19.754,642.0,100.958,19.329,52.292,0.0,2024-01-05
140.958,47.538,76.742,14.196,18.458,633.208,106.875,19.758,53.125,0.0,2024-01-06
126.875,43.479,66.771,12.95,20.592,692.125,111.208,19.171,51.708,0.0,2024-01-07
116.875,44.363,67.233,28.917,22.262,914.125,104.375,19.208,55.083,0.0,2024-01-08
115.167,37.121,58.908,13.804,16.679,622.958,103.375,19.004,48.333,0.0,2024-01-09
106.917,37.125,56.467,18.862,19.7,656.5,101.833,18.279,45.708,0.0,2024-01-10
92.542,33.208,50.488,36.542,22.671,842.875,74.875,17.854,50.042,0.0,2024-01-11
104.0,37.012,55.137,54.25,27.95,866.375,59.417,18.438,49.958,0.0,2024-01-12
113.333,34.012,53.767,49.008,13.921,840.042,52.625,18.442,76.125,0.0,2024-01-13
77.458,29.633,60.121,41.171,14.538,662.875,71.708,20.492,79.625,0.0,2024-01-14
132.833,54.846,99.8,35.492,18.888,819.875,80.833,19.558,71.708,0.0,2024-01-15
102.792,25.308,67.371,28.729,7.267,438.417,66.417,22.217,78.167,0.0,2024-01-16
95.25,46.775,88.85,31.675,20.238,687.292,80.167,22.108,57.958,0.0,2024-01-17
148.292,61.117,96.696,26.121,25.975,871.417,111.958,20.65,51.708,0.0,2024-01-18
147.625,54.067,86.817,46.933,30.667,1053.542,100.708,20.067,48.917,0.0,2024-01-19
155.375,55.858,93.488,49.954,22.875,1182.25,89.0,20.45,78.042,0.5,2024-01-20
135.333,50.721,86.917,53.508,24.517,1013.375,80.417,21.142,62.375,0.0,2024-01-21
151.417,52.312,90.925,48.75,20.533,1023.208,79.708,20.208,66.333,0.0,2024-01-22
110.25,42.875,80.892,34.479,16.95,659.167,79.792,20.621,68.625,0.0,2024-01-23
138.542,54.446,98.587,35.004,27.283,828.958,88.708,18.787,59.917,0.0,2024-01-24
152.833,59.604,105.917,47.517,23.088,1041.5,71.5,19.158,70.042,0.0,2024-01-25
141.167,54.817,92.438,34.838,21.037,804.542,88.042,20.246,60.208,0.0,2024-01-26
151.958,60.229,96.163,26.638,21.708,869.208,109.458,20.512,50.292,0.0,2024-01-27
151.375,54.333,90.812,21.525,19.775,823.0,100.292,19.442,65.875,0.0,2024-01-28
113.292,23.875,50.058,18.9,5.962,357.042,75.833,22.796,75.542,0.4,2024-01-29
72.792,24.225,74.538,24.117,7.258,375.125,63.375,22.129,80.958,0.8,2024-01-30
74.042,22.504,61.412,20.55,6.3,344.625,71.125,22.762,79.583,0.3,2024-01-31
73.333,27.925,87.567,22.696,9.95,384.083,78.292,22.888,62.917,0.0,2024-02-01
100.083,40.767,134.667,27.667,11.325,409.917,59.792,23.213,73.25,0.0,2024-02-02
116.25,35.238,91.788,32.363,10.667,519.0,46.292,21.896,76.333,3.2,2024-02-03
82.917,24.112,79.158,20.283,5.212,321.167,71.0,22.862,79.542,1.2,2024-02-04
80.25,26.342,48.829,27.379,11.321,481.375,79.0,21.429,77.375,0.0,2024-02-05
80.167,24.358,53.721,26.5,10.25,451.083,84.083,21.508,73.0,0.1,2024-02-06
81.875,31.971,68.638,21.112,11.825,445.542,79.375,22.537,60.333,0.0,2024-02-07
93.208,28.35,52.646,24.008,13.417,482.042,89.917,20.8,44.167,0.0,2024-02-08
85.708,26.858,53.35,32.554,11.867,575.833,74.958,19.425,55.208,0.0,2024-02-09
81.167,25.3,53.358,30.271,11.033,496.792,85.042,21.325,66.5,0.0,2024-02-10
79.792,25.733,44.954,27.979,13.35,483.958,88.208,21.417,41.042,0.0,2024-02-11
86.292,32.771,50.904,36.229,16.037,624.333,84.75,21.571,38.875,0.0,2024-02-12
101.792,38.817,64.317,45.879,21.238,752.5,69.0,21.254,45.917,0.0,2024-02-13
117.417,43.788,73.554,50.071,20.425,938.875,68.417,21.275,49.875,0.0,2024-02-14
128.833,48.196,79.575,51.817,17.633,955.042,71.625,21.379,54.25,0.0,2024-02-15
118.125,36.863,60.192,52.721,17.279,863.208,65.125,22.233,39.625,0.0,2024-02-16
104.375,30.858,50.012,44.558,15.104,730.0,70.917,22.004,45.958,0.0,2024-02-17
64.458,15.046,27.9,13.013,5.396,289.417,86.5,23.108,74.167,0.0,2024-02-18
59.292,17.838,44.533,8.979,3.754,254.333,95.417,24.696,75.875,0.0,2024-02-19
68.417,20.8,49.029,11.392,4.775,258.167,99.333,23.537,75.083,0.0,2024-02-20
71.542,19.729,55.629,13.171,5.025,289.875,105.625,23.417,69.625,0.0,2024-02-21
64.625,18.833,68.146,22.138,8.058,372.375,84.75,23.229,40.375,0.0,2024-02-22
90.208,29.912,87.188,36.746,14.75,636.75,86.208,20.938,37.458,0.0,2024-02-23
77.833,19.2,64.538,17.829,10.092,338.875,98.125,22.362,53.792,0.0,2024-02-24
73.917,23.246,53.192,26.483,13.538,478.25,77.5,22.812,39.958,0.0,2024-02-25
74.792,21.692,48.692,8.317,10.129,287.083,111.417,23.354,29.417,0.0,2024-02-26
88.833,34.833,69.875,8.838,12.438,334.625,106.667,21.488,46.542,0.0,2024-02-27
92.583,27.388,62.658,13.588,13.658,386.042,110.583,23.0,41.208,0.0,2024-02-28
87.458,23.575,61.838,16.979,13.058,401.917,106.667,24.029,42.5,0.0,2024-02-29
79.167,25.383,63.492,21.8,9.029,445.125,88.042,21.371,72.208,7.4,2024-03-01
71.75,21.017,83.396,8.912,6.896,240.25,81.083,17.571,50.208,0.0,2024-03-02
81.25,33.804,119.992,12.196,10.458,262.25,87.042,16.046,39.167,0.0,2024-03-03
95.917,29.392,79.825,21.758,15.629,421.375,83.75,17.488,46.333,0.0,2024-03-04
82.5,22.325,46.4,21.358,14.367,403.833,84.417,19.963,28.875,0.0,2024-03-05
84.292,21.046,49.433,15.8,15.25,362.208,105.458,20.388,36.75,0.0,2024-03-06
79.042,22.346,60.058,16.492,11.325,332.583,98.792,22.542,57.458,0.0,2024-03-07
94.833,28.258,56.229,24.429,16.325,487.542,97.792,22.829,48.542,0.0,2024-03-08
99.5,32.158,60.363,28.287,16.567,537.125,95.417,23.321,40.333,0.0,2024-03-09
107.208,43.983,90.812,34.817,22.892,631.292,84.792,21.779,49.542,2.2,2024-03-10
94.958,22.933,56.304,14.854,8.112,326.083,86.75,22.704,70.708,0.0,2024-03-11
69.875,18.375,38.696,15.821,8.346,302.5,75.5,23.104,81.792,0.0,2024-03-12
62.542,26.129,91.021,11.658,6.096,248.042,84.75,24.933,57.5,0.0,2024-03-13
110.167,42.975,130.558,19.517,13.508,358.667,91.083,23.633,29.917,0.0,2024-03-14
97.708,24.946,48.15,24.633,10.246,418.542,89.333,24.467,35.708,0.0,2024-03-15
85.417,25.854,59.887,22.396,10.004,378.583,92.375,24.958,35.833,0.0,2024-03-16
85.208,19.942,48.142,17.95,10.775,338.208,101.667,26.542,28.833,0.0,2024-03-17
90.833,22.179,49.192,20.858,12.808,390.0,106.0,26.508,36.5,0.0,2024-03-18
67.583,16.65,54.858,18.975,6.983,328.333,76.917,26.646,55.75,0.0,2024-03-19
76.0,22.908,72.429,25.683,9.317,440.708,84.792,25.838,66.417,0.0,2024-03-20
75.25,25.617,61.342,17.037,5.942,311.042,78.5,26.667,53.208,0.0,2024-03-21
80.792,23.917,56.088,11.354,5.108,266.833,90.417,26.325,69.667,0.0,2024-03-22
71.208,22.179,71.012,13.125,5.417,253.417,76.375,25.958,80.75,0.0,2024-03-23
71.292,20.6,58.062,13.817,4.979,250.542,71.125,26.771,72.833,0.0,2024-03-24
76.0,20.287,56.15,18.929,7.575,334.5,84.583,27.108,67.333,0.0,2024-03-25
62.5,17.425,40.692,15.371,5.604,287.25,70.292,27.65,66.25,0.0,2024-03-26
62.167,19.312,61.433,13.467,5.35,259.875,75.75,26.979,72.958,0.0,2024-03-27
68.667,12.392,41.608,14.729,5.5,282.417,105.958,27.704,56.042,0.0,2024-03-28
66.625,23.917,78.925,12.917,5.979,275.042,107.042,25.292,67.542,0.0,2024-03-29
80.042,30.192,107.817,9.008,4.5,225.25,96.208,25.338,70.917,0.0,2024-03-30
107.333,46.725,159.021,16.704,9.883,325.667,105.625,27.112,54.458,0.0,2024-03-31
116.708,31.683,96.083,18.246,8.917,334.958,93.333,25.975,61.792,0.0,2024-04-01
80.917,22.708,59.821,9.942,5.208,225.458,102.583,26.25,72.083,0.0,2024-04-02
98.583,33.296,108.533,11.788,6.617,297.417,126.667,26.133,78.375,0.0,2024-04-03
83.583,17.504,56.438,14.138,5.875,282.5,111.125,26.696,67.333,0.0,2024-04-04
66.667,17.483,57.008,11.871,5.529,261.25,111.625,27.275,58.125,0.0,2024-04-05
74.042,15.304,49.0,12.021,5.762,263.458,119.208,26.733,60.25,0.0,2024-04-06
67.417,19.138,51.158,16.925,6.562,306.958,100.125,26.438,75.792,0.0,2024-04-07
72.667,19.371,52.283,18.883,6.471,345.208,100.083,27.204,67.917,0.0,2024-04-08
61.667,13.904,33.462,17.167,5.729,312.833,84.042,27.883,56.583,0.0,2024-04-09
57.583,17.083,40.629,14.921,6.129,265.75,61.208,26.596,76.042,0.0,2024-04-10
65.5,17.779,45.775,17.463,6.604,289.208,79.333,26.275,80.208,0.0,2024-04-11
58.833,13.379,35.538,15.096,6.375,260.792,69.875,26.975,76.708,0.0,2024-04-12
50.75,14.408,45.933,13.417,5.425,225.417,61.042,27.908,77.625,0.0,2024-04-13
62.0,25.629,111.983,21.412,14.487,291.708,51.833,26.608,80.5,3.4,2024-04-14
86.583,22.35,73.212,19.058,8.467,314.208,57.708,26.392,75.917,0.0,2024-04-15
61.125,21.683,72.058,17.058,14.821,288.125,71.125,28.096,73.0,0.0,2024-04-16
81.125,24.596,62.842,20.367,14.204,349.042,83.125,28.862,56.542,0.0,2024-04-17
69.667,22.792,86.117,9.662,5.312,189.958,63.917,27.238,78.083,0.5,2024-04-18
80.75,25.617,57.387,6.312,3.921,206.708,113.208,26.704,70.667,0.0,2024-04-19
77.208,21.692,48.679,8.246,4.575,231.417,111.208,27.754,66.125,0.0,2024-04-20
73.042,23.312,54.317,9.192,4.788,233.708,98.917,27.546,71.625,0.0,2024-04-21
70.292,20.458,57.55,8.467,4.087,196.042,70.5,27.554,75.542,0.0,2024-04-22
66.875,19.796,56.554,9.142,4.525,201.417,78.792,27.338,78.667,0.0,2024-04-23
65.042,19.321,51.108,10.2,5.121,216.958,72.792,27.338,78.25,0.0,2024-04-24
64.5,16.592,46.142,11.088,4.696,216.208,67.75,27.392,79.083,0.0,2024-04-25
57.917,16.817,65.683,8.033,4.217,200.083,77.125,28.096,75.125,0.0,2024-04-26
60.167,15.912,60.033,10.242,4.812,219.833,75.917,27.754,76.583,0.0,2024-04-27
58.5,18.017,66.267,11.408,6.212,225.25,77.792,28.433,74.792,0.0,2024-04-28
73.333,26.879,118.329,13.525,6.3,259.792,90.0,30.633,41.917,0.0,2024-04-29
89.833,30.208,127.333,12.129,6.567,255.667,102.292,30.75,36.625,0.0,2024-04-30
92.833,35.113,146.825,13.221,9.279,257.625,100.458,29.633,20.917,0.0,2024-05-01
119.167,38.175,114.871,17.258,11.538,325.375,108.208,28.779,55.125,0.0,2024-05-02
76.917,17.508,52.975,11.579,5.721,231.083,62.0,29.096,70.917,0.0,2024-05-03
71.417,21.467,48.562,8.292,4.379,207.875,79.75,29.108,69.708,0.0,2024-05-04
65.333,18.225,48.958,7.371,3.892,191.417,64.708,28.817,74.167,0.0,2024-05-05
57.458,15.112,60.688,10.5,4.579,208.5,69.5,30.004,65.542,0.0,2024-05-06
62.792,17.717,62.088,12.704,5.65,237.25,76.333,30.104,67.042,0.0,2024-05-07
50.625,9.321,31.938,11.779,5.671,205.25,61.167,29.579,77.917,0.0,2024-05-08
39.042,9.904,33.529,10.125,5.538,194.958,55.75,29.6,79.958,0.0,2024-05-09
45.792,11.938,41.933,10.067,6.279,210.667,58.375,29.271,78.292,0.0,2024-05-10
55.458,16.371,58.642,10.417,7.275,206.583,68.292,29.204,76.0,0.0,2024-05-11
61.917,15.379,68.154,11.475,7.546,222.0,85.583,29.567,77.125,0.0,2024-05-12
68.0,19.258,100.325,12.8,8.192,225.917,79.875,29.233,79.375,0.0,2024-05-13
72.542,19.129,66.633,15.133,8.654,241.125,82.5,29.096,75.625,0.0,2024-05-14
61.208,13.992,38.879,11.383,5.917,197.458,75.417,30.592,67.292,0.0,2024-05-15
55.708,15.571,39.379,12.442,5.604,231.375,67.292,30.071,70.125,0.0,2024-05-16
58.167,16.529,48.387,11.838,4.967,231.375,68.792,30.858,69.125,0.0,2024-05-17
55.083,11.088,27.875,11.188,4.754,219.0,66.625,31.312,67.375,0.0,2024-05-18
39.25,8.521,25.046,10.471,5.15,186.292,53.208,30.117,75.5,0.0,2024-05-19
38.792,10.321,37.358,8.95,4.375,186.083,60.25,30.929,75.583,0.0,2024-05-20
47.417,14.65,65.621,9.671,4.821,206.167,67.875,31.371,73.833,0.0,2024-05-21
56.667,14.9,56.175,10.229,5.133,211.292,70.833,31.571,70.75,0.0,2024-05-22
56.875,14.983,46.479,10.362,5.075,212.042,71.625,30.942,74.083,0.0,2024-05-23
54.75,13.592,36.996,10.071,5.671,188.042,75.833,30.729,76.917,0.0,2024-05-24
58.083,17.554,58.133,10.633,5.837,188.25,79.667,30.721,79.042,0.0,2024-05-25
62.333,18.65,56.129,8.725,4.746,178.792,71.875,30.954,77.458,0.0,2024-05-26
69.208,22.088,71.292,7.296,4.05,163.833,69.417,30.963,78.125,0.0,2024-05-27
68.792,18.783,56.029,6.312,3.467,155.417,65.417,31.225,75.25,0.0,2024-05-28
65.042,20.892,82.379,7.875,3.775,179.333,75.667,32.871,63.542,0.0,2024-05-29
66.417,18.333,64.308,9.604,5.158,189.958,76.417,32.925,67.542,0.0,2024-05-30
65.083,20.017,87.167,8.583,5.858,186.125,73.417,30.821,79.542,0.0,2024-05-31
90.125,42.783,204.333,10.254,5.408,214.25,86.458,31.95,68.375,0.0,2024-06-01
98.417,16.896,56.029,7.808,5.629,171.625,63.792,30.479,78.458,0.0,2024-06-02
59.5,15.933,78.121,7.087,5.112,156.542,61.5,30.042,74.417,0.0,2024-06-03
63.25,19.042,71.671,5.45,3.804,137.375,63.5,30.046,72.0,0.0,2024-06-04
66.667,20.104,72.646,5.242,3.479,139.125,60.417,30.188,70.708,0.0,2024-06-05
68.5,21.629,67.038,5.712,3.758,142.875,59.958,30.458,74.333,0.6,2024-06-06
69.583,19.588,71.771,6.883,4.729,164.042,61.208,30.483,73.125,0.0,2024-06-07
63.25,16.338,61.708,7.117,4.396,159.667,57.583,30.467,73.667,0.0,2024-06-08
55.625,14.05,50.6,7.479,4.55,152.625,58.625,30.383,75.208,0.0,2024-06-09
55.417,15.496,49.733,6.671,4.246,147.5,60.167,30.388,76.208,0.0,2024-06-10
60.5,18.188,46.871,6.112,3.908,154.125,62.667,30.479,73.375,0.0,2024-06-11
63.833,19.275,45.058,5.646,3.742,152.208,63.083,30.717,71.292,0.0,2024-06-12
66.875,21.438,53.954,5.533,3.725,155.042,64.958,30.875,70.542,0.3,2024-06-13
70.792,21.35,66.975,5.821,4.054,145.375,62.875,30.95,72.917,0.4,2024-06-14
68.708,19.596,70.717,7.35,5.104,158.75,62.292,31.017,74.167,0.4,2024-06-15
67.542,20.646,70.388,7.721,5.238,181.542,65.333,31.042,73.75,0.1,2024-06-16
65.958,19.933,97.546,7.454,5.138,175.958,63.667,30.904,70.833,0.5,2024-06-17
66.333,15.862,57.538,5.967,4.212,150.708,58.75,31.221,69.708,0.7,2024-06-18
60.792,18.242,85.367,6.754,4.529,156.333,64.208,31.146,75.583,0.0,2024-06-19
75.708,30.562,134.475,9.196,5.362,176.917,72.708,31.067,81.292,0.0,2024-06-20
90.5,28.642,129.775,8.454,5.733,169.917,68.875,31.133,79.333,0.4,2024-06-21
102.75,34.154,189.033,12.05,10.875,210.25,78.833,31.4,76.083,0.0,2024-06-22
106.208,26.554,139.2,11.204,6.65,199.042,61.958,31.662,73.958,0.0,2024-06-23
90.417,27.879,127.992,11.046,6.308,194.833,63.792,32.329,71.417,0.0,2024-06-24
82.042,26.675,111.329,11.429,7.225,190.75,72.708,31.929,74.083,0.0,2024-06-25
82.0,25.804,115.296,12.683,8.438,204.5,77.0,31.504,74.792,0.0,2024-06-26
82.083,25.604,122.104,12.696,7.667,209.042,66.458,32.308,70.708,0.0,2024-06-27
79.708,23.583,71.538,11.646,13.104,220.75,74.667,32.525,67.875,8.8,2024-06-28
67.917,15.788,34.208,11.812,13.354,221.667,71.833,32.083,71.833,0.0,2024-06-29
57.667,15.8,29.9,11.158,10.821,207.958,68.917,32.042,72.417,0.0,2024-06-30
63.75,24.333,88.012,7.388,5.512,170.333,69.042,32.363,74.125,0.0,2024-07-01
82.875,27.592,98.854,7.125,5.504,164.667,67.208,32.488,70.125,0.0,2024-07-02
76.5,22.175,93.867,6.783,5.329,154.208,58.75,32.262,73.333,0.3,2024-07-03
71.75,22.992,101.262,6.992,5.967,153.458,58.375,31.621,72.708,0.4,2024-07-04
75.542,24.775,103.825,6.925,5.904,147.375,61.125,31.454,70.5,0.6,2024-07-05
82.542,30.662,113.217,6.758,5.008,150.792,74.417,31.975,68.333,0.0,2024-07-06
96.083,34.363,125.917,8.446,5.775,174.375,77.667,32.083,75.125,0.3,2024-07-07
96.042,40.387,172.425,12.438,15.446,230.208,87.542,31.583,74.917,0.3,2024-07-08
116.917,34.904,121.108,16.625,14.158,273.042,89.583,31.588,78.042,0.9,2024-07-09
102.25,32.921,109.758,15.696,8.75,251.583,66.5,31.842,78.0,0.1,2024-07-10
86.375,25.5,76.354,9.046,4.429,180.875,53.458,31.492,73.875,0.6,2024-07-11
76.917,25.617,69.058,7.108,3.333,152.25,47.542,31.033,75.0,1.2,2024-07-12
81.5,26.963,77.867,9.308,3.871,180.417,48.667,30.775,78.042,2.2,2024-07-13
78.375,23.787,79.883,9.996,4.808,184.417,46.167,30.758,77.833,0.6,2024-07-14
85.917,32.933,162.888,14.667,8.688,235.167,64.417,31.138,74.833,0.0,2024-07-15
99.792,31.479,135.917,16.008,8.1,242.792,68.917,31.946,74.458,0.1,2024-07-16
87.458,29.6,110.65,14.679,9.538,239.417,74.5,31.867,77.167,0.0,2024-07-17
88.292,29.062,98.754,9.375,6.904,185.542,70.375,32.146,76.5,0.0,2024-07-18
92.167,33.471,95.196,10.467,6.229,216.0,77.208,31.85,71.625,0.0,2024-07-19
96.125,35.308,110.183,15.708,10.358,266.292,84.583,32.838,70.667,0.2,2024-07-20
119.0,36.621,80.567,18.321,17.775,347.75,108.833,33.292,69.25,4.2,2024-07-21
91.042,24.996,65.317,10.942,6.808,232.792,73.292,31.929,77.417,3.4,2024-07-22
75.625,25.5,85.738,8.417,4.996,186.333,61.542,30.912,77.375,0.1,2024-07-23
88.083,31.046,134.308,7.708,4.875,174.75,57.167,30.617,76.375,0.0,2024-07-24
92.75,34.375,152.171,8.704,5.638,177.917,54.958,30.729,76.25,0.3,2024-07-25
98.458,33.321,137.067,8.058,5.333,174.125,62.958,31.213,76.167,0.4,2024-07-26
93.167,33.562,150.65,7.767,5.371,169.542,63.833,31.258,73.875,0.0,2024-07-27
107.583,38.967,174.817,12.704,9.408,218.25,63.833,31.096,73.958,0.0,2024-07-28
106.917,34.783,164.871,14.9,15.329,237.542,62.875,30.446,76.542,3.3,2024-07-29
101.042,30.162,95.8,16.683,9.217,260.083,59.625,29.179,84.792,18.4,2024-07-30
71.375,17.35,35.979,16.438,8.821,263.75,64.25,29.192,86.042,2.3,2024-07-31
64.417,21.921,55.625,9.596,4.175,192.042,56.5,29.521,82.833,1.4,2024-08-01
77.5,26.408,94.054,10.667,4.221,188.583,44.167,29.329,84.208,1.0,2024-08-02
86.833,32.117,116.329,15.496,5.521,231.958,42.667,29.25,81.708,0.2,2024-08-03
94.292,33.908,138.271,14.892,5.746,239.042,49.208,28.871,82.792,2.5,2024-08-04
93.5,28.192,113.371,13.379,6.946,220.708,49.708,28.629,82.292,1.6,2024-08-05
76.625,23.004,85.029,12.929,5.404,206.917,44.167,28.4,83.208,1.1,2024-08-06
71.25,20.317,73.258,7.462,3.829,167.458,49.75,28.871,77.667,0.4,2024-08-07
68.458,20.079,66.608,8.542,4.413,185.5,51.708,29.308,75.792,0.7,2024-08-08
66.417,18.329,65.725,8.296,4.358,186.417,50.042,29.654,75.375,0.5,2024-08-09
59.625,16.117,55.333,6.658,3.662,154.958,47.333,29.792,74.292,0.4,2024-08-10
58.208,15.85,52.188,6.862,3.471,156.25,44.417,29.083,79.0,1.1,2024-08-11
61.875,18.838,87.158,9.188,4.558,179.458,42.125,28.992,81.083,1.4,2024-08-12
63.0,17.112,87.796,10.458,5.625,194.5,44.542,29.45,80.042,0.4,2024-08-13
78.083,18.442,117.721,8.067,4.975,173.0,45.333,29.5,78.208,0.0,2024-08-14
72.042,19.037,82.104,7.163,4.629,170.792,45.375,29.225,79.833,1.9,2024-08-15
65.875,19.254,65.467,7.913,4.642,167.792,40.583,28.75,79.875,1.1,2024-08-16
66.0,20.783,78.071,11.083,5.5,192.458,37.625,29.025,77.208,0.1,2024-08-17
68.958,20.179,72.471,12.288,5.758,202.333,36.083,29.042,77.417,0.2,2024-08-18
65.75,17.929,54.021,11.458,5.512,213.083,42.667,28.971,76.708,1.0,2024-08-19
61.0,16.396,43.075,8.921,4.55,193.0,43.583,29.296,74.375,0.8,2024-08-20
58.667,16.746,44.533,7.533,4.183,176.792,47.0,29.342,74.333,0.0,2024-08-21
63.667,18.883,63.592,7.792,4.488,178.042,50.75,30.067,70.625,0.0,2024-08-22
63.292,18.004,63.225,7.067,4.2,173.792,52.417,29.767,73.208,0.0,2024-08-23
63.917,21.133,79.808,7.304,4.342,176.792,53.458,29.467,74.417,0.0,2024-08-24
74.083,23.688,81.962,6.6,4.042,170.458,55.708,29.454,73.708,0.0,2024-08-25
71.875,21.233,68.471,9.946,5.188,192.875,60.292,29.692,73.5,0.0,2024-08-26
73.125,20.792,50.621,13.975,8.254,284.625,84.708,29.029,82.042,51.2,2024-08-27
59.833,11.629,17.604,17.325,8.85,364.958,81.125,27.554,86.75,22.8,2024-08-28
50.542,15.521,28.062,20.046,9.158,354.333,74.958,27.608,88.833,21.8,2024-08-29
56.792,14.033,23.129,8.458,6.829,207.167,71.958,27.287,82.667,25.7,2024-08-30
53.25,11.9,34.771,9.775,7.212,182.167,42.333,26.321,86.917,8.5,2024-08-31
49.75,14.025,41.204,14.875,10.6,260.208,34.583,27.008,88.083,1.0,2024-09-01
57.125,15.362,48.162,21.271,10.033,302.875,42.5,27.037,87.0,0.0,2024-09-02
57.042,16.192,62.262,20.646,8.721,284.958,46.042,27.371,86.167,0.0,2024-09-03
62.792,18.883,63.404,17.738,6.133,241.417,34.958,27.696,83.083,2.2,2024-09-04
62.208,16.817,40.667,10.858,4.262,194.167,46.125,28.012,83.542,0.2,2024-09-05
62.542,19.058,50.875,12.533,4.663,213.333,45.042,27.875,83.875,0.9,2024-09-06
64.042,17.479,49.925,14.225,5.454,227.417,44.583,27.542,83.042,0.2,2024-09-07
58.958,14.838,48.042,14.454,5.629,229.5,47.458,27.521,84.542,0.1,2024-09-08
56.833,17.367,66.279,12.046,4.817,200.917,51.708,27.592,82.125,0.0,2024-09-09
67.833,24.696,90.079,14.254,5.362,234.125,53.208,27.562,82.583,0.5,2024-09-10
92.333,37.179,168.188,14.575,6.758,247.458,64.958,27.567,82.542,0.2,2024-09-11
108.375,36.321,172.329,11.392,5.292,213.125,62.667,27.929,79.292,0.0,2024-09-12
90.208,22.804,83.996,7.796,3.7,168.333,57.083,27.988,74.208,0.1,2024-09-13
74.208,23.267,74.404,7.717,3.688,169.375,59.25,28.221,71.625,0.0,2024-09-14
70.792,21.287,51.613,8.367,4.121,181.375,57.75,28.05,71.625,0.0,2024-09-15
70.833,21.425,50.788,9.033,4.342,181.375,54.708,27.888,75.167,0.5,2024-09-16
66.625,17.896,51.875,9.621,4.688,187.833,53.583,28.312,76.667,0.0,2024-09-17
60.667,16.008,47.617,11.088,5.612,205.708,59.125,28.375,77.917,0.0,2024-09-18
58.667,17.054,57.033,13.987,7.296,221.417,62.083,28.221,79.625,0.0,2024-09-19
60.208,16.679,53.354,12.65,6.246,220.042,60.042,28.229,80.458,0.0,2024-09-20
62.875,20.108,62.113,9.221,5.179,197.208,59.458,28.342,75.375,0.0,2024-09-21
70.667,22.25,70.829,8.854,4.925,195.792,60.958,28.483,72.75,0.0,2024-09-22
69.833,20.438,62.325,8.638,4.858,197.25,61.125,28.888,72.875,0.0,2024-09-23
67.083,19.5,55.538,8.983,5.154,192.75,60.208,29.025,73.25,0.0,2024-09-24
65.417,18.696,43.433,10.575,5.512,192.792,56.333,28.904,74.833,0.0,2024-09-25
64.5,18.65,47.775,10.867,5.3,200.083,55.292,29.1,74.417,0.0,2024-09-26
62.042,17.954,50.312,8.404,4.446,179.708,52.792,29.125,75.708,0.0,2024-09-27
64.167,17.888,51.579,8.188,4.288,177.375,53.417,29.225,74.25,0.0,2024-09-28
61.25,17.154,64.3,9.842,5.058,182.292,53.208,28.754,74.417,0.0,2024-09-29
57.292,13.392,33.238,10.296,5.117,177.792,49.375,28.779,75.292,0.0,2024-09-30
50.458,11.529,24.542,10.458,4.692,204.0,47.375,28.933,77.167,0.0,2024-10-01
49.167,12.862,28.667,9.521,4.504,197.417,49.583,28.9,78.958,0.0,2024-10-02
53.833,13.879,32.029,7.867,3.958,191.667,52.833,28.783,78.792,0.0,2024-10-03
55.25,15.458,35.05,7.279,3.704,180.875,51.333,28.692,79.708,0.0,2024-10-04
57.792,15.479,39.521,8.862,4.375,175.958,49.875,28.692,78.458,0.0,2024-10-05
58.5,17.179,46.933,12.579,7.021,222.5,54.042,28.425,77.792,0.0,2024-10-06
65.875,19.546,47.846,17.154,12.267,275.833,72.25,29.133,67.667,0.0,2024-10-07
73.458,22.112,43.325,20.075,11.9,337.417,85.833,31.179,48.708,0.0,2024-10-08
77.792,26.379,47.254,19.588,7.829,343.042,79.75,31.579,49.25,0.0,2024-10-09
84.208,27.071,49.329,27.983,9.821,445.25,73.417,30.983,55.583,0.0,2024-10-10
80.167,27.512,55.779,25.329,11.958,455.542,81.708,31.683,45.917,0.0,2024-10-11
112.708,41.221,79.754,23.308,17.713,481.833,116.75,30.55,58.458,0.0,2024-10-12
104.333,28.296,46.15,23.758,15.658,413.833,79.042,29.933,69.417,0.0,2024-10-13
76.792,24.704,38.075,19.146,16.133,370.375,86.042,30.638,61.417,0.0,2024-10-14
89.458,26.004,40.954,17.042,14.329,352.375,110.0,31.133,56.167,0.3,2024-10-15
81.25,21.667,35.083,14.696,8.733,315.917,100.083,30.783,64.458,0.0,2024-10-16
68.417,20.667,35.625,15.325,6.525,305.208,74.375,29.946,73.792,0.0,2024-10-17
75.75,22.388,35.783,22.975,13.792,409.458,77.667,29.246,75.625,0.0,2024-10-18
87.792,25.612,41.6,20.729,11.683,384.25,92.167,30.604,59.042,0.0,2024-10-19
84.75,23.508,39.275,21.125,8.929,390.958,87.583,30.717,58.042,0.0,2024-10-20
73.708,19.183,34.45,17.267,8.475,332.333,81.917,29.562,71.25,0.0,2024-10-21
74.292,26.338,47.825,17.062,8.721,346.667,90.125,29.746,66.5,0.0,2024-10-22
95.708,33.658,58.821,22.708,9.8,417.792,85.667,29.325,71.625,0.2,2024-10-23
94.583,24.65,46.012,29.192,11.237,516.958,80.875,30.054,58.583,0.0,2024-10-24
67.833,15.775,36.417,21.308,7.342,362.5,74.792,30.554,58.417,0.0,2024-10-25
55.833,16.142,47.938,18.883,5.917,401.417,70.833,30.112,69.792,0.0,2024-10-26
66.542,26.979,77.108,27.0,9.454,794.583,70.708,30.142,67.333,0.0,2024-10-27
89.25,30.787,77.3,20.554,6.65,572.083,68.125,29.246,77.125,0.0,2024-10-28
99.667,41.367,119.192,17.679,5.967,579.083,71.583,28.708,81.417,0.0,2024-10-29
117.625,38.775,141.033,21.238,6.692,494.542,68.125,28.279,82.833,0.0,2024-10-30
104.792,37.887,101.108,26.2,10.058,517.25,73.417,28.254,78.625,0.0,2024-10-31
99.583,29.738,68.592,25.354,7.979,463.583,63.875,28.667,72.458,0.0,2024-11-01
78.958,24.25,51.8,21.275,6.25,541.333,63.5,28.196,79.667,0.0,2024-11-02
81.958,27.408,59.108,29.421,9.412,749.583,59.542,27.488,82.833,0.0,2024-11-03
82.917,25.796,49.812,31.042,11.042,729.583,68.542,27.317,74.917,0.0,2024-11-04
80.5,28.033,48.729,29.354,9.346,583.167,73.083,27.346,71.833,0.0,2024-11-05
83.917,25.708,42.558,28.771,8.925,626.625,73.833,27.575,71.792,0.0,2024-11-06
82.292,27.208,48.042,22.575,6.788,553.292,72.708,27.708,80.25,0.0,2024-11-07
72.667,19.483,39.567,20.421,7.233,776.292,68.458,28.096,77.375,0.0,2024-11-08
68.792,21.488,43.242,24.683,7.55,642.75,65.208,27.321,77.958,0.0,2024-11-09
68.875,20.771,40.717,25.054,6.65,570.833,57.333,27.25,77.208,0.0,2024-11-10
72.542,23.425,48.275,26.146,7.112,806.0,55.292,27.046,77.625,0.0,2024-11-11
77.542,29.342,59.962,34.708,12.383,938.458,49.042,27.312,76.333,0.0,2024-11-12
104.042,41.454,56.675,42.642,25.892,803.417,56.125,27.15,67.917,0.0,2024-11-13
107.458,37.971,45.604,38.221,22.667,754.083,65.708,26.858,61.125,0.0,2024-11-14
112.958,39.929,43.392,28.992,20.867,692.0,91.792,26.858,53.292,0.0,2024-11-15
107.25,33.592,38.575,28.983,20.375,807.125,83.958,26.775,65.167,0.0,2024-11-16
90.958,30.454,40.092,31.654,19.992,917.875,69.75,26.671,68.708,0.0,2024-11-17
99.333,42.113,51.038,42.925,22.354,972.208,62.542,27.217,54.917,0.0,2024-11-18
124.458,41.962,48.137,40.458,21.229,929.667,63.833,26.933,53.458,0.0,2024-11-19
97.375,28.504,32.908,28.088,18.025,851.542,72.208,26.321,56.875,0.0,2024-11-20
93.5,32.662,36.017,35.833,21.121,1046.75,59.583,25.804,66.458,0.0,2024-11-21
81.542,23.367,26.333,27.121,18.638,973.458,75.458,26.15,65.833,0.0,2024-11-22
70.667,21.371,25.05,26.496,16.504,962.958,67.917,26.408,64.833,0.0,2024-11-23
78.667,28.871,33.808,34.471,23.546,1013.958,72.0,26.246,67.208,0.0,2024-11-24
97.958,40.729,46.525,53.529,28.446,959.292,65.875,25.862,52.958,0.0,2024-11-25
127.125,41.996,48.621,48.992,28.454,1009.167,60.25,25.588,58.292,0.0,2024-11-26
95.75,28.467,38.038,40.654,20.204,1102.5,53.875,26.092,71.083,0.0,2024-11-27
98.0,36.225,43.246,44.0,29.296,1461.458,52.333,25.929,75.125,0.0,2024-11-28
85.625,25.771,32.2,33.408,23.408,869.875,63.25,25.542,73.333,0.0,2024-11-29
88.042,37.375,40.738,37.746,18.629,829.125,65.292,25.933,56.0,0.0,2024-11-30
122.875,50.238,52.7,36.871,23.213,1113.792,78.75,24.833,42.333,0.0,2024-12-01
128.042,42.179,44.833,36.608,17.579,938.792,74.25,25.121,39.333,0.0,2024-12-02
120.542,43.746,47.625,15.908,15.996,613.417,94.958,25.358,43.542,0.0,2024-12-03
126.083,47.733,53.904,15.442,18.996,701.708,96.25,25.488,42.25,0.0,2024-12-04
134.5,50.046,58.883,28.925,22.592,1093.708,72.333,24.075,49.625,0.0,2024-12-05
124.458,36.658,57.383,38.442,28.704,1179.292,62.417,23.475,56.917,0.0,2024-12-06
86.25,32.1,35.279,47.346,29.963,828.833,56.917,22.658,32.583,0.0,2024-12-07
97.5,29.204,38.975,37.921,18.567,460.833,54.333,22.325,13.833,0.0,2024-12-08
82.792,25.867,37.146,35.662,14.392,1039.25,52.75,20.425,22.375,0.0,2024-12-09
76.125,29.688,32.467,28.3,16.571,1030.792,65.75,20.463,26.542,0.0,2024-12-10
100.5,39.95,44.942,43.225,26.229,1033.583,60.792,20.188,31.0,0.0,2024-12-11
107.708,28.617,32.883,33.596,15.075,643.667,61.042,19.629,29.667,0.0,2024-12-12
66.292,17.525,20.662,14.125,13.442,535.875,81.333,19.162,25.958,0.0,2024-12-13
76.167,27.733,28.917,15.838,18.292,695.0,93.625,19.892,26.083,0.0,2024-12-14
80.833,25.417,26.129,29.008,20.875,883.75,79.708,19.396,28.5,0.0,2024-12-15
78.792,28.804,29.162,38.321,23.954,1062.333,65.0,20.304,31.167,0.0,2024-12-16
100.542,38.092,57.075,28.638,20.412,904.083,69.542,20.138,35.583,0.0,2024-12-17
103.083,36.879,41.65,21.421,18.967,729.75,86.25,20.833,27.708,0.0,2024-12-18
108.708,39.721,43.933,27.117,22.804,928.5,86.875,19.875,33.625,0.0,2024-12-19
98.333,29.942,33.6,20.825,19.779,777.667,80.708,19.454,32.125,0.0,2024-12-20
98.583,40.208,41.825,18.454,23.571,790.542,104.875,18.692,30.042,0.0,2024-12-21
124.333,47.192,53.688,26.879,24.287,1076.875,86.333,18.775,42.792,0.0,2024-12-22
134.875,56.767,70.546,40.7,26.8,1171.0,66.917,19.396,55.333,0.0,2024-12-23
154.458,68.079,69.425,20.117,21.596,880.292,95.833,19.121,36.875,0.0,2024-12-24
156.542,66.792,67.758,14.9,23.213,878.333,113.833,18.7,39.917,0.0,2024-12-25
155.333,59.363,60.979,17.258,24.779,838.458,105.75,18.938,37.792,0.0,2024-12-26
135.0,42.312,43.775,28.004,22.279,1341.833,84.833,18.875,36.083,0.0,2024-12-27
96.625,25.412,27.35,34.438,21.633,976.833,65.25,18.662,31.417,0.0,2024-12-28
79.417,28.267,31.458,31.946,17.283,931.542,69.125,18.996,35.125,0.0,2024-12-29
92.958,39.721,40.458,28.9,19.3,1220.125,86.083,19.638,32.917,0.0,2024-12-30
117.542,39.079,40.029,30.846,18.658,1384.083,73.083,19.846,34.667,0.0,2024-12-31
98.875,37.529,40.683,20.754,17.967,972.75,90.917,20.438,35.083,0.0,2025-01-01
123.375,51.338,55.4,32.392,23.758,1431.667,89.875,19.858,45.583,0.0,2025-01-02
150.833,66.608,72.958,35.796,30.425,1241.042,98.167,19.921,55.083,0.0,2025-01-03
156.333,51.679,69.329,36.067,24.812,776.333,65.792,20.604,54.833,0.0,2025-01-04
104.708,40.221,55.067,39.321,26.183,908.667,67.333,18.092,46.833,0.0,2025-01-05
106.5,31.079,35.258,41.308,21.633,1103.708,53.667,18.496,37.833,0.0,2025-01-06
75.042,21.925,22.954,31.35,15.596,958.917,73.958,18.85,24.417,0.0,2025-01-07
80.75,27.829,28.088,37.438,30.142,1175.417,75.5,17.775,36.792,0.0,2025-01-08
88.958,33.829,34.529,44.029,24.171,1418.375,70.0,18.658,51.5,0.0,2025-01-09
108.167,45.688,46.358,53.058,24.417,1071.208,63.625,19.942,38.583,0.0,2025-01-10
130.208,45.129,45.471,41.833,28.9,1102.5,74.833,19.992,43.083,0.0,2025-01-11
122.167,41.621,41.754,35.408,22.983,1100.958,87.375,19.963,34.625,0.0,2025-01-12
133.542,53.121,53.938,13.7,16.433,893.708,104.375,18.762,41.375,0.0,2025-01-13
142.333,55.854,57.771,30.588,19.358,951.75,85.875,18.371,52.375,0.0,2025-01-14
148.125,55.608,61.242,37.358,21.054,1064.667,74.417,19.433,52.542,0.0,2025-01-15
153.5,69.3,78.475,45.829,34.137,1367.667,80.958,18.904,54.167,0.0,2025-01-16
142.833,37.275,42.329,22.529,17.275,769.458,90.083,19.404,39.25,0.0,2025-01-17
110.75,43.683,45.75,19.833,17.95,782.792,102.0,19.8,35.083,0.0,2025-01-18
121.333,46.446,47.629,25.979,19.412,1000.917,97.125,19.858,33.583,0.0,2025-01-19
140.25,56.425,57.629,29.396,24.238,1320.125,98.125,20.379,39.292,0.0,2025-01-20
142.792,49.117,53.025,27.354,24.329,1226.208,101.833,19.721,50.417,0.0,2025-01-21
115.875,30.967,41.129,27.658,17.638,728.875,79.333,20.638,60.083,0.0,2025-01-22
99.5,31.825,38.175,30.104,15.1,657.25,70.042,20.625,36.125,0.0,2025-01-23
67.667,16.204,19.646,17.012,11.55,640.833,89.792,20.521,25.125,0.0,2025-01-24
65.625,22.575,26.008,29.992,17.346,1166.708,79.5,20.446,27.875,0.0,2025-01-25
89.0,34.096,39.075,46.458,27.608,967.833,61.0,19.625,40.417,0.0,2025-01-26
105.875,38.508,44.621,46.962,28.033,970.583,53.833,19.867,62.917,0.0,2025-01-27
100.167,31.017,33.583,42.392,25.517,803.0,53.25,19.867,75.292,0.0,2025-01-28
77.375,22.117,40.121,24.342,12.879,543.333,68.875,21.467,80.5,0.0,2025-01-29
81.25,33.325,74.842,22.167,14.408,591.083,78.458,21.479,51.583,0.0,2025-01-30
100.958,34.171,91.175,18.388,14.917,429.167,75.167,19.425,29.0,0.0,2025-01-31
105.25,43.708,102.583,35.996,17.708,666.75,65.5,18.846,43.917,0.0,2025-02-01
97.375,24.617,30.963,25.1,13.042,678.042,80.458,20.804,26.75,0.0,2025-02-02
82.375,27.35,35.429,15.296,17.904,648.417,105.25,20.696,33.417,0.0,2025-02-03
77.542,18.312,34.521,16.379,11.025,481.583,93.375,20.817,49.458,0.0,2025-02-04
65.125,22.371,37.583,29.346,16.95,731.833,73.125,20.171,43.542,0.0,2025-02-05
81.542,24.442,31.717,34.004,14.679,746.458,64.25,21.125,29.167,0.0,2025-02-06
63.458,18.008,25.275,21.117,12.038,563.375,83.583,22.808,18.333,0.0,2025-02-07
74.458,29.713,37.538,27.279,18.379,801.958,86.417,21.971,26.958,0.0,2025-02-08
99.042,35.717,38.233,35.0,24.083,864.333,80.375,21.146,39.042,0.0,2025-02-09
92.875,26.229,28.829,23.858,16.096,551.542,87.083,21.512,71.25,0.0,2025-02-10
76.708,29.517,79.679,18.038,12.542,447.917,79.125,23.042,75.958,0.0,2025-02-11
113.292,50.796,114.404,34.933,22.658,853.208,70.875,23.287,58.75,0.0,2025-02-12
146.292,49.954,85.996,42.071,29.358,989.708,68.667,23.171,47.833,0.0,2025-02-13
105.0,27.463,57.6,22.55,12.7,428.833,72.875,24.012,65.25,0.0,2025-02-14
81.583,29.412,67.017,16.983,11.008,359.708,81.625,24.754,66.875,0.0,2025-02-15
83.917,24.621,57.375,17.275,10.567,424.667,78.708,24.787,67.75,0.0,2025-02-16
79.333,27.396,50.85,28.321,17.371,774.458,83.375,25.254,60.375,0.0,2025-02-17
86.917,22.308,50.938,24.246,12.5,603.667,67.125,25.362,61.125,0.0,2025-02-18
63.042,18.708,49.004,13.425,9.221,343.0,79.333,25.537,61.25,0.0,2025-02-19
76.917,35.967,120.538,24.379,16.917,641.417,83.0,25.912,46.792,0.0,2025-02-20
115.833,48.15,128.275,35.717,24.167,1043.125,56.75,24.746,46.5,0.0,2025-02-21
128.667,36.554,55.108,35.125,26.196,883.458,84.583,23.733,44.167,0.0,2025-02-22
99.333,30.3,42.692,31.158,20.817,655.458,77.375,23.004,74.792,0.0,2025-02-23
73.667,22.808,47.979,34.075,24.279,627.917,58.125,23.371,79.583,0.0,2025-02-24
84.25,34.008,79.829,47.029,33.329,881.583,40.333,24.262,65.833,0.0,2025-02-25
86.792,21.833,51.529,37.779,21.525,555.75,41.292,24.188,69.708,0.0,2025-02-26
63.292,16.571,28.075,23.658,14.871,365.667,52.958,23.533,80.083,0.0,2025-02-27
71.75,28.021,59.408,12.95,10.55,299.542,89.792,24.283,74.417,0.0,2025-02-28
87.042,29.229,56.579,17.608,14.025,427.333,97.833,24.033,70.875,0.0,2025-03-01
92.958,27.392,43.05,22.079,16.721,608.167,92.25,22.717,69.0,0.0,2025-03-02
76.375,27.917,74.975,14.929,11.621,363.625,86.042,24.213,71.625,0.0,2025-03-03
104.667,36.358,102.962,25.942,14.058,582.542,79.125,24.271,31.208,0.0,2025-03-04
87.083,21.121,36.375,23.488,15.237,600.042,90.5,23.121,23.167,0.0,2025-03-05
71.458,20.362,33.467,25.054,17.138,547.458,88.042,24.783,57.125,0.0,2025-03-06
73.375,22.667,46.304,25.475,16.229,753.875,88.708,26.133,54.833,0.0,2025-03-07
76.333,22.821,69.521,20.354,12.154,524.5,74.25,28.05,41.542,0.0,2025-03-08
84.542,27.738,59.275,28.662,18.371,619.292,84.792,28.704,41.75,0.0,2025-03-09
82.292,25.429,45.246,34.2,17.775,697.958,60.417,28.533,42.667,0.0,2025-03-10
77.667,22.558,32.1,36.829,17.517,680.5,60.625,27.483,48.5,0.0,2025-03-11
68.292,18.25,26.892,25.204,13.646,524.042,63.292,26.892,62.417,0.0,2025-03-12
58.458,15.588,30.537,16.537,10.517,412.25,81.958,27.829,62.542,0.0,2025-03-13
64.083,24.562,66.837,12.871,10.2,344.667,89.333,27.579,60.958,0.0,2025-03-14
93.083,28.854,66.587,16.571,14.783,450.958,103.667,27.025,49.25,0.0,2025-03-15
88.042,26.396,64.0,20.942,14.987,509.25,99.125,26.817,43.167,0.0,2025-03-16
89.75,29.108,58.992,35.008,19.071,574.875,70.958,26.379,43.792,0.0,2025-03-17
72.542,16.533,37.2,21.308,13.771,644.083,82.458,25.471,62.417,0.0,2025-03-18
56.5,14.371,26.8,17.658,11.604,442.25,81.667,25.692,65.208,0.0,2025-03-19
63.875,15.921,28.85,17.7,13.733,445.0,85.792,26.254,69.75,0.0,2025-03-20
68.167,18.317,34.788,18.612,13.954,540.0,91.333,26.792,64.5,0.0,2025-03-21
67.708,20.875,42.429,19.817,12.958,501.292,90.208,26.779,64.458,0.0,2025-03-22
66.75,13.85,18.6,22.546,13.871,468.542,84.792,27.821,52.917,0.0,2025-03-23
54.25,9.917,12.154,19.767,12.062,394.708,84.458,27.575,45.833,0.0,2025-03-24
49.292,13.979,19.575,17.262,12.971,329.458,82.375,25.675,71.958,0.0,2025-03-25
71.458,15.883,28.179,14.946,11.604,349.833,105.042,26.037,70.0,0.0,2025-03-26
73.292,27.171,82.358,14.679,11.096,414.958,110.917,27.171,42.208,0.0,2025-03-27
96.333,27.454,93.358,22.608,16.412,549.292,108.958,26.208,23.667,0.0,2025-03-28
98.5,28.588,55.917,34.617,15.804,776.417,88.792,26.971,22.458,0.0,2025-03-29
96.792,21.579,38.6,23.033,18.867,530.708,117.542,26.517,39.875,0.0,2025-03-30
73.708,19.0,38.508,22.583,15.954,627.333,93.542,26.075,65.542,0.0,2025-03-31
79.708,25.321,62.512,27.433,18.483,588.625,89.667,27.183,62.375,0.0,2025-04-01
91.042,25.825,44.029,34.996,21.746,689.0,80.708,27.142,60.542,0.0,2025-04-02
81.708,22.546,37.3,29.138,16.508,571.5,83.125,27.35,65.958,0.0,2025-04-03
85.875,18.879,29.088,26.404,16.267,646.083,99.375,27.983,61.208,0.0,2025-04-04
63.375,11.246,14.712,18.062,11.4,402.292,90.375,28.496,60.667,0.0,2025-04-05
50.0,12.246,28.696,13.517,8.983,348.625,96.0,30.283,42.167,0.0,2025-04-06
55.25,13.296,21.346,14.65,9.612,390.5,96.0,29.167,54.292,0.0,2025-04-07
65.208,22.746,37.692,20.562,13.458,450.583,82.833,28.025,71.5,0.0,2025-04-08
72.875,21.046,41.842,21.412,13.758,449.958,74.958,27.683,76.583,0.0,2025-04-09
63.917,17.162,35.221,15.817,12.121,308.375,80.375,27.708,77.375,0.0,2025-04-10
66.583,22.392,47.683,14.529,11.021,347.208,82.583,28.037,76.958,0.0,2025-04-11
74.417,21.642,48.383,15.112,10.75,379.542,87.833,29.467,65.542,0.0,2025-04-12
61.167,15.763,32.271,10.575,9.812,294.417,78.583,28.625,72.708,0.0,2025-04-13
57.667,15.954,29.429,10.45,9.196,287.167,76.167,28.304,76.292,0.0,2025-04-14
61.125,17.746,37.0,10.483,9.954,279.708,76.958,28.725,77.083,0.0,2025-04-15
63.667,18.662,41.792,9.912,9.354,281.833,75.208,29.033,71.875,0.0,2025-04-16
59.875,14.717,31.425,9.817,8.571,276.542,73.208,29.375,67.292,0.0,2025-04-17
59.917,17.254,37.517,9.375,9.675,269.917,92.917,28.804,71.375,0.0,2025-04-18
82.0,52.296,209.775,9.867,10.983,314.208,105.5,29.975,60.125,0.0,2025-04-19
152.958,51.387,183.675,14.8,11.746,454.0,99.625,31.271,40.333,0.0,2025-04-20
127.375,45.1,135.112,18.117,15.546,471.917,100.917,30.267,44.583,0.0,2025-04-21
117.667,34.65,89.417,19.946,16.171,532.833,97.083,29.35,59.292,0.0,2025-04-22
90.875,28.833,81.212,17.129,12.283,440.042,88.292,28.967,66.375,0.0,2025-04-23
81.333,20.9,44.596,14.533,11.075,383.583,96.0,29.1,69.5,0.0,2025-04-24
71.042,22.504,54.171,14.721,11.479,405.208,86.333,28.875,75.708,0.0,2025-04-25
80.583,25.85,69.317,18.104,12.7,369.708,96.167,31.112,56.417,0.0,2025-04-26
85.042,28.213,71.262,18.658,11.758,409.042,79.542,30.392,62.625,0.0,2025-04-27
79.208,22.233,47.9,15.362,10.283,367.833,83.0,30.975,59.792,0.0,2025-04-28
62.958,13.508,20.396,12.871,8.758,322.333,90.458,31.608,51.667,0.0,2025-04-29
55.125,14.646,24.425,11.112,8.871,294.75,82.083,31.05,56.792,0.0,2025-04-30
56.167,15.679,25.242,10.008,9.067,282.083,81.792,30.221,65.167,0.0,2025-05-01
58.708,16.496,27.354,10.396,9.571,271.167,77.542,29.971,70.667,0.0,2025-05-02
62.083,17.333,31.308,14.925,11.846,305.083,80.958,30.129,71.417,0.0,2025-05-03
62.208,18.742,30.883,14.062,11.096,351.458,82.458,30.021,71.0,0.0,2025-05-04
68.583,25.967,69.092,17.512,14.517,525.5,84.375,29.75,68.917,0.0,2025-05-05
100.917,36.067,93.617,25.562,21.879,492.625,83.167,29.671,74.667,0.0,2025-05-06
88.583,21.888,53.842,15.642,21.221,397.125,74.667,29.771,75.75,0.0,2025-05-07
71.125,21.325,47.046,18.996,17.208,313.542,53.792,29.617,75.667,0.0,2025-05-08
76.917,28.429,70.413,16.467,18.017,341.0,63.167,29.867,72.0,0.0,2025-05-09
85.75,29.583,69.45,13.6,16.879,275.833,70.542,30.05,70.167,0.0,2025-05-10
88.292,33.908,77.571,10.458,13.246,259.292,77.083,29.713,76.042,0.0,2025-05-11
102.625,30.667,75.212,9.25,12.079,240.25,86.667,29.492,76.417,0.1,2025-05-12
72.375,19.646,37.438,9.688,12.2,244.75,85.417,29.567,77.0,0.0,2025-05-13
69.167,22.504,45.258,12.629,13.304,294.333,83.0,30.488,75.667,0.0,2025-05-14
73.25,21.754,44.942,15.567,13.671,314.833,80.667,30.504,75.708,0.0,2025-05-15
69.0,19.517,37.317,14.471,12.35,289.0,72.833,30.158,79.292,0.0,2025-05-16
64.667,18.412,37.871,12.542,13.096,250.208,66.042,30.154,74.75,0.0,2025-05-17
63.125,16.883,33.738,11.812,14.392,256.083,62.083,30.188,73.333,0.0,2025-05-18
60.25,18.475,40.046,11.392,13.004,222.625,58.125,30.025,72.625,0.0,2025-05-19
68.875,23.046,69.883,8.483,12.092,208.417,62.625,30.4,70.875,0.0,2025-05-20
76.958,27.408,105.096,8.912,13.271,218.958,70.208,30.229,72.667,0.0,2025-05-21
80.458,22.942,83.225,10.112,12.888,221.792,65.292,29.975,74.708,0.2,2025-05-22
68.708,18.754,54.175,10.462,11.433,211.667,64.833,30.233,73.958,0.0,2025-05-23
65.333,21.721,57.246,8.737,11.542,209.125,67.708,30.571,72.667,0.0,2025-05-24
77.208,27.671,68.562,8.671,11.592,213.083,67.083,30.938,75.0,0.0,2025-05-25
84.958,28.396,62.321,10.029,12.158,222.375,67.333,31.267,74.0,0.0,2025-05-26
79.0,22.862,47.433,8.292,10.675,211.833,66.542,30.812,74.625,0.0,2025-05-27
76.583,26.779,67.379,11.329,12.912,275.083,75.5,30.854,78.5,0.0,2025-05-28
88.583,33.958,126.788,12.829,12.763,386.5,94.667,32.371,66.25,0.0,2025-05-29
104.5,38.179,149.117,9.083,7.696,256.917,97.958,32.608,58.792,0.0,2025-05-30
101.583,35.004,136.883,7.062,8.338,234.417,87.792,31.354,72.708,0.0,2025-05-31
98.25,36.333,141.975,9.583,9.346,289.375,83.0,31.954,64.75,0.0,2025-06-01
110.667,43.342,188.158,8.979,10.192,253.583,82.917,30.696,75.208,0.0,2025-06-02
106.458,29.612,90.021,8.171,9.275,245.875,82.833,29.879,79.042,0.0,2025-06-03
91.0,29.2,84.204,8.667,11.15,217.625,77.0,30.125,73.875,0.1,2025-06-04
79.292,24.417,72.896,8.992,11.854,211.5,67.167,30.287,69.625,0.0,2025-06-05
78.042,25.388,65.812,8.575,11.825,197.25,68.875,30.421,68.0,0.0,2025-06-06
78.125,24.308,67.271,7.904,10.4,187.375,70.292,29.958,70.625,0.0,2025-06-07
72.458,21.95,53.304,7.708,10.496,194.0,75.75,30.025,70.667,0.0,2025-06-08
73.458,22.554,50.146,8.104,10.438,191.083,71.125,30.046,69.583,0.0,2025-06-09
68.833,20.771,48.188,7.071,9.775,196.458,71.292,30.379,67.917,0.0,2025-06-10
69.875,21.537,48.083,7.542,10.496,199.833,70.042,30.404,71.292,0.0,2025-06-11
67.708,17.558,35.604,8.096,10.933,197.125,67.625,30.329,76.458,0.0,2025-06-12
61.792,20.162,52.883,10.7,12.421,242.125,71.625,30.779,79.667,0.0,2025-06-13
77.25,31.058,105.696,13.821,14.579,308.833,77.125,30.421,82.333,0.0,2025-06-14
95.292,34.05,126.362,15.812,14.825,339.333,70.833,30.329,79.792,0.0,2025-06-15
106.417,40.546,117.096,27.646,27.733,339.5,74.917,31.879,74.167,2.4,2025-06-16
107.042,33.025,100.621,16.292,14.987,289.458,70.875,31.908,74.542,0.0,2025-06-17
81.583,22.0,47.858,7.275,10.433,214.458,73.208,30.575,77.333,0.2,2025-06-18
69.625,20.362,48.396,6.083,8.154,197.917,65.625,30.333,75.833,0.4,2025-06-19
67.25,21.158,50.962,7.508,8.612,224.667,63.333,30.042,81.792,3.4,2025-06-20
69.375,20.054,43.6,8.362,9.967,226.25,61.917,30.088,82.917,4.0,2025-06-21
69.833,23.133,57.233,10.458,11.758,245.125,64.917,29.942,81.0,1.1,2025-06-22
75.667,26.604,64.375,11.013,13.112,241.333,66.0,30.254,79.625,0.7,2025-06-23
86.792,30.312,85.296,10.979,14.112,260.917,68.25,30.312,79.292,0.4,2025-06-24
91.917,32.25,83.033,16.304,17.129,367.208,66.167,29.996,78.583,0.0,2025-06-25
91.917,30.058,96.225,17.104,18.092,409.625,56.25,30.929,77.083,0.0,2025-06-26
88.25,34.279,71.842,26.825,20.938,502.042,69.583,29.783,81.958,17.1,2025-06-27
87.792,23.021,46.746,16.846,14.379,436.833,79.583,27.983,88.583,36.2,2025-06-28
67.708,15.125,26.429,16.442,14.921,332.542,67.667,28.933,84.458,1.5,2025-06-29
65.667,24.412,61.583,12.254,11.013,257.333,57.125,29.854,81.542,1.1,2025-06-30
73.708,23.421,56.771,10.929,10.817,246.5,53.875,29.867,81.542,0.8,2025-07-01
73.083,23.075,68.821,11.521,11.95,250.083,53.458,29.821,81.125,1.2,2025-07-02
78.792,27.692,84.238,16.371,16.463,322.25,48.792,29.963,80.375,0.4,2025-07-03
84.042,29.058,84.579,16.554,15.9,286.542,50.625,30.412,78.417,0.2,2025-07-04
91.917,33.279,93.983,11.196,12.742,242.292,68.167,30.958,75.625,0.5,2025-07-05
88.667,27.988,77.712,11.658,12.558,228.542,69.583,30.588,76.25,0.8,2025-07-06
91.167,33.829,92.667,19.412,19.6,313.792,60.5,30.429,76.375,0.0,2025-07-07
95.458,34.8,100.046,16.554,17.958,312.833,70.5,30.725,74.458,0.2,2025-07-08
97.708,32.604,91.846,15.475,15.379,265.25,58.5,30.504,77.583,0.6,2025-07-09
92.542,32.379,99.404,16.196,14.888,270.417,53.833,30.246,76.875,0.5,2025-07-10
91.708,27.988,76.967,15.392,15.208,259.042,52.5,30.412,75.792,0.2,2025-07-11
80.5,25.471,73.871,12.763,12.85,233.083,55.458,30.183,74.333,0.1,2025-07-12
76.583,24.621,79.762,9.771,11.296,223.625,60.5,29.938,74.958,0.6,2025-07-13
77.458,25.213,85.367,9.038,11.221,220.0,64.667,29.879,77.708,0.7,2025-07-14
81.792,29.287,82.062,11.592,13.304,234.167,59.917,29.9,74.167,0.0,2025-07-15
86.458,27.858,74.471,11.621,12.483,242.875,56.375,29.867,73.0,0.1,2025-07-16
85.75,28.158,76.379,11.321,13.838,254.875,54.917,29.704,76.0,1.1,2025-07-17
80.792,26.008,68.875,10.562,14.492,248.542,56.125,30.392,69.25,0.0,2025-07-18
78.417,25.042,66.146,8.567,12.646,206.917,56.833,30.217,73.375,0.5,2025-07-19
77.917,25.317,65.225,10.904,13.908,250.625,50.917,29.746,76.042,0.0,2025-07-20
80.083,28.558,67.708,13.317,14.475,264.417,54.333,30.012,76.417,1.8,2025-07-21
86.0,27.454,66.304,10.642,11.883,232.042,56.5,30.192,74.667,0.4,2025-07-22
79.0,23.742,60.162,8.138,8.921,221.708,57.708,29.429,77.625,1.8,2025-07-23
75.625,25.888,63.446,9.088,10.712,246.292,60.667,29.675,76.75,1.8,2025-07-24
79.0,24.271,65.192,10.271,11.829,249.625,60.375,29.721,76.833,0.6,2025-07-25
77.583,26.392,72.404,9.462,11.404,233.208,64.0,29.713,75.583,1.0,2025-07-26
82.417,26.162,67.946,9.296,11.329,222.958,63.25,29.404,75.417,0.6,2025-07-27
75.417,22.392,68.546,7.967,9.742,218.333,61.0,29.362,75.0,0.2,2025-07-28
69.917,20.338,53.971,7.175,8.362,202.208,59.375,29.25,76.375,0.3,2025-07-29
71.0,24.488,65.792,8.392,9.838,222.75,59.167,28.938,79.25,1.5,2025-07-30
80.25,26.921,74.754,11.121,12.062,252.25,56.25,28.808,80.083,1.2,2025-07-31
77.292,23.213,59.183,11.013,11.121,244.042,52.958,28.429,79.917,2.1,2025-08-01
73.25,21.646,62.004,11.821,10.675,230.833,50.667,28.088,81.25,2.1,2025-08-02
69.375,20.679,60.433,9.7,10.933,233.458,57.5,28.312,80.208,1.3,2025-08-03
64.958,18.121,49.767,10.079,10.35,218.042,55.333,28.342,79.5,1.5,2025-08-04
63.708,19.229,47.267,9.683,9.233,223.375,53.042,28.042,80.0,2.0,2025-08-05
67.333,20.938,50.062,9.4,9.971,246.958,53.5,28.0,79.625,1.9,2025-08-06
70.333,21.567,50.683,10.825,11.083,251.0,52.708,28.067,80.375,2.2,2025-08-07
68.208,18.65,42.592,8.712,9.754,223.042,53.667,28.271,76.75,0.9,2025-08-08
61.667,17.292,39.275,8.821,10.092,212.125,50.25,28.208,78.333,1.9,2025-08-09
63.083,19.412,43.312,8.879,10.342,214.25,50.208,28.012,79.042,1.7,2025-08-10
66.333,19.388,46.842,8.912,9.237,223.333,45.708,27.696,80.0,1.6,2025-08-11
64.625,18.742,39.621,8.513,8.942,223.958,46.375,28.008,77.042,1.8,2025-08-12
68.375,21.433,46.588,11.167,11.808,265.417,47.792,28.088,80.583,1.2,2025-08-13
70.583,21.783,50.838,17.958,16.392,396.208,41.167,28.492,82.0,0.1,2025-08-14
75.958,27.404,69.171,20.954,20.9,471.875,53.25,29.354,77.25,0.3,2025-08-15
83.667,27.879,64.258,21.208,21.792,323.167,61.458,29.496,77.958,0.0,2025-08-16
78.458,23.042,46.9,17.592,18.483,329.417,62.25,27.8,87.333,0.0,2025-08-17
80.792,25.504,40.167,21.621,19.537,470.458,72.0,,,0,2025-08-18
